is_edge,center_lat,center_lon,geom_score,label,ndvi_amp,pixel_size_m,radius_m,radius_px,ring_contrast,texture_score,tile_id,year,sample_weight
False,-34.03872919704195,25.56555000843597,0.1666666666666666,0,0.1563420444726944,27.34262983620405,2469.586318461642,90.31999969482422,0.0592771470546722,0.3037453889846802,cpis_landsat_2015_tile_000003,2015,1.0
False,-33.079867450436296,25.78675108566089,0.2708333333333333,1,0.4529193937778473,27.34262983620405,333.58010486246053,12.200000762939451,0.1208503246307373,0.1540094912052154,cpis_landsat_2015_tile_000004,2015,1.0
False,-34.17811178336702,20.340103886470843,0.2604166666666667,0,0.5367992520332336,27.34262983620405,2469.586318461642,90.31999969482422,0.0787521004676818,0.1572980880737304,cpis_landsat_2015_tile_000001,2015,1.0
False,-34.11699046407119,19.806181161565902,0.2708333333333333,0,0.565417468547821,27.34262983620405,2072.571425027352,75.80000305175781,0.0567822456359863,0.1794899702072143,cpis_landsat_2015_tile_000001,2015,1.0
False,-33.81429409329862,22.54597095238446,0.25,0,0.3763379156589508,27.34262983620405,1531.1873751312824,56.00000381469727,0.0928123593330383,0.1340979039669037,cpis_landsat_2015_tile_000002,2015,1.0
False,-33.99927521608126,22.311510663229267,0.2708333333333333,1,0.2087701559066772,27.34262983620405,1495.0951120918014,54.68000411987305,0.0179483592510223,0.1298580169677734,cpis_landsat_2015_tile_000002,2015,1.0
False,-34.4135422793469,21.217470418687952,0.28125,0,0.2345039993524551,27.34262983620405,2108.6636880668325,77.12000274658203,0.0433713197708129,0.4829597473144531,cpis_landsat_2015_tile_000001,2015,1.0
False,-33.845986682840184,25.585600379259688,0.2604166666666667,0,0.2564623653888702,27.34262983620405,1314.6336925905414,48.08000183105469,0.03842294216156,0.206279844045639,cpis_landsat_2015_tile_000003,2015,1.0
False,-34.0574860464922,24.515491267046237,0.2604166666666667,0,0.2752309143543243,27.34262983620405,1134.1722730892816,41.47999954223633,0.0153095126152038,0.1318786591291427,cpis_landsat_2015_tile_000003,2015,1.0
False,-33.64904002679091,21.490091118084443,0.25,0,0.2485412210226059,27.34262983620405,1386.8182186695033,50.720001220703125,0.018170341849327,0.1329391449689865,cpis_landsat_2015_tile_000002,2015,1.0
False,-34.12281157343012,19.316886782742497,0.28125,0,0.5446672439575195,27.34262983620405,2144.755951106313,78.44000244140625,0.0923819243907928,0.2217924892902374,cpis_landsat_2015_tile_000001,2015,1.0
False,-33.79327351565022,25.671946418051427,0.2604166666666667,0,0.2670532166957855,27.34262983620405,1206.3567991682437,44.119998931884766,0.0119895339012146,0.1840250492095947,cpis_landsat_2015_tile_000003,2015,1.0
False,-34.06848143872874,21.317399089846894,0.28125,0,0.2526814937591553,27.34262983620405,2469.586318461642,90.31999969482422,0.0363126099109649,0.1818766891956329,cpis_landsat_2015_tile_000001,2015,1.0
False,-33.85277793322921,23.854798315564175,0.25,0,0.1160932481288909,27.34262983620405,1242.4491665115795,45.44000244140625,0.0294336378574371,0.122696503996849,cpis_landsat_2015_tile_000003,2015,1.0
False,-33.42557512987225,21.882367446222943,0.2604166666666667,0,0.1255675703287124,27.34262983620405,1567.279533866908,57.31999969482422,0.0464757978916168,0.1246961578726768,cpis_landsat_2015_tile_000002,2015,1.0
False,-34.10276113681182,20.739494795995807,0.28125,0,0.3976045846939087,27.34262983620405,2108.6636880668325,77.12000274658203,0.0266519784927368,0.199785515666008,cpis_landsat_2015_tile_000001,2015,1.0
False,-34.13218993236067,20.42353937058312,0.2708333333333333,0,0.6951394081115723,27.34262983620405,2433.4940554221607,89.0,0.0687369704246521,0.1416399925947189,cpis_landsat_2015_tile_000001,2015,1.0
False,-34.30714586973144,20.503417539329195,0.2708333333333333,0,0.5312337875366211,27.34262983620405,1964.2946359089087,71.84000396728516,0.0403391122817993,0.1472763419151306,cpis_landsat_2015_tile_000001,2015,1.0
False,-34.07042178658352,21.189658656445104,0.2708333333333333,0,0.5107841491699219,27.34262983620405,2144.755951106313,78.44000244140625,0.0678949058055877,0.1597813814878463,cpis_landsat_2015_tile_000001,2015,1.0
False,-34.28353811774695,19.47146888670297,0.28125,0,0.6261390447616577,27.34262983620405,2144.755951106313,78.44000244140625,0.0815072059631347,0.1710784286260604,cpis_landsat_2015_tile_000001,2015,1.0
False,-34.181992610665745,19.86827275348099,0.2708333333333333,0,0.6550658345222473,27.34262983620405,2469.586318461642,90.31999969482422,0.04887455701828,0.132680594921112,cpis_landsat_2015_tile_000001,2015,1.0
False,-33.649363407134274,19.007022010619902,0.28125,0,0.1825311034917831,27.34262983620405,1892.1101098299469,69.20000457763672,0.0342014282941818,0.1350003331899643,cpis_landsat_2015_tile_000000,2015,1.0
False,-34.162265554390814,20.69260273816477,0.2604166666666667,0,0.4244937002658844,27.34262983620405,2036.4791619878704,74.4800033569336,0.0680421590805053,0.1615321785211563,cpis_landsat_2015_tile_000001,2015,1.0
False,-34.079153384827336,24.81171970197857,0.2604166666666667,0,0.3569605648517608,27.34262983620405,1459.0027447484651,53.36000061035156,0.0283843874931335,0.1411623358726501,cpis_landsat_2015_tile_000003,2015,1.0
False,-33.09862427932573,18.62994513432223,0.2604166666666667,0,0.6361832022666931,27.34262983620405,2144.755951106313,78.44000244140625,0.0968022346496582,0.1471945792436599,cpis_landsat_2015_tile_000000,2015,1.0
False,-33.669413843752565,18.951074908407108,0.2604166666666667,0,0.1501445770263672,27.34262983620405,1783.833320711504,65.24000549316406,0.034195452928543,0.1257322132587433,cpis_landsat_2015_tile_000000,2015,1.0
False,-34.15967838005472,21.88463120731838,0.2604166666666667,0,0.3061083555221557,27.34262983620405,1386.8182186695033,50.720001220703125,0.0032649636268615,0.1257282197475433,cpis_landsat_2015_tile_000002,2015,1.0
False,-33.83563811708496,18.485711579668337,0.2708333333333333,0,0.3283222913742065,27.34262983620405,2108.6636880668325,77.12000274658203,0.0178938806056976,0.2359801828861236,cpis_landsat_2015_tile_000000,2015,1.0
False,-33.86409670580912,25.47791031668161,0.25,0,0.1677324622869491,27.34262983620405,1206.3567991682437,44.119998931884766,0.031214028596878,0.1019624024629592,cpis_landsat_2015_tile_000003,2015,1.0
False,-33.99765824856984,21.653404836737373,0.25,0,0.504153311252594,27.34262983620405,2000.3868989483897,73.16000366210938,0.0366637110710144,0.133853405714035,cpis_landsat_2015_tile_000002,2015,1.0
False,-33.588242087838445,18.89286407799616,0.28125,0,0.7780508399009705,27.34262983620405,2144.755951106313,78.44000244140625,0.0355329513549804,0.189082384109497,cpis_landsat_2015_tile_000000,2015,1.0
False,-34.09888044110226,21.108486834736404,0.2604166666666667,0,0.2634061872959137,27.34262983620405,2397.40200099039,87.68000793457031,0.0876187682151794,0.195587009191513,cpis_landsat_2015_tile_000001,2015,1.0
False,-34.11213956153695,24.694327900126577,0.2708333333333333,0,0.1415237933397293,27.34262983620405,1052.1443835806697,38.47999954223633,0.0216423273086547,0.1131096482276916,cpis_landsat_2015_tile_000003,2015,1.0
False,-33.798124418184464,25.371190460928208,0.2395833333333333,0,0.3520591259002685,27.34262983620405,953.7109578918768,34.880001068115234,0.0349612832069397,0.1120849102735519,cpis_landsat_2015_tile_000003,2015,1.0
False,-33.840489019619206,18.562355944980737,0.2291666666666666,0,0.4908345341682434,27.34262983620405,2433.4940554221607,89.0,0.0713375508785247,0.1541675478219986,cpis_landsat_2015_tile_000000,2015,1.0
False,-33.05981705493961,18.43784944660177,0.2291666666666666,0,0.142707422375679,27.34262983620405,2433.4940554221607,89.0,0.0377830564975738,0.1661788076162338,cpis_landsat_2015_tile_000000,2015,1.0
False,-33.13710810280769,18.888336621599866,0.2291666666666666,0,0.2103014439344406,27.34262983620405,2144.755951106313,78.44000244140625,0.0857014060020446,0.1780579388141632,cpis_landsat_2015_tile_000000,2015,1.0
False,-33.66715004975984,18.970155072406143,0.2291666666666666,0,0.2220076620578766,27.34262983620405,1964.2946359089087,71.84000396728516,0.0400338172912597,0.1572668999433517,cpis_landsat_2015_tile_000000,2015,1.0
False,-34.49180348058156,20.062632235194176,0.25,0,0.6481078863143921,27.34262983620405,2469.586318461642,90.31999969482422,0.0900301337242126,0.1669975072145462,cpis_landsat_2015_tile_000001,2015,1.0
False,-33.25741049223643,19.163544413089227,0.2291666666666666,0,0.2785104513168335,27.34262983620405,2469.586318461642,90.31999969482422,0.0508497357368469,0.1391353756189346,cpis_landsat_2015_tile_000000,2015,1.0
False,-33.38094680023936,18.618302915604374,0.2395833333333333,0,0.703533947467804,27.34262983620405,1819.9253751432743,66.55999755859375,0.0357986092567443,0.1563807725906372,cpis_landsat_2015_tile_000000,2015,1.0
False,-34.12992620416252,19.367012775596365,0.25,0,0.283217191696167,27.34262983620405,2144.755951106313,78.44000244140625,0.0970252752304077,0.1917511075735092,cpis_landsat_2015_tile_000001,2015,1.0
False,-33.20146340647228,18.64288087441355,0.25,0,0.5915215611457825,27.34262983620405,2144.755951106313,78.44000244140625,0.0562239289283752,0.1597854048013687,cpis_landsat_2015_tile_000000,2015,1.0
False,-34.261547333273874,20.272514631334776,0.2395833333333333,0,0.5564314126968384,27.34262983620405,2397.40200099039,87.68000793457031,0.0825953185558319,0.167194202542305,cpis_landsat_2015_tile_000001,2015,1.0
False,-33.93006899343377,22.285315802703256,0.2291666666666666,1,0.1742162108421325,27.34262983620405,1964.2946359089087,71.84000396728516,0.0243048816919326,0.1529864072799682,cpis_landsat_2015_tile_000002,2015,1.0
False,-33.552021976106,19.06167545987007,0.25,0,0.2154914736747741,27.34262983620405,1819.9253751432743,66.55999755859375,0.0211595594882965,0.1286455988883972,cpis_landsat_2015_tile_000000,2015,1.0
False,-33.54490731247631,18.73537146870216,0.2395833333333333,0,0.4711145460605621,27.34262983620405,2216.940477185275,81.08000183105469,0.0963484346866607,0.1541215479373932,cpis_landsat_2015_tile_000000,2015,1.0
False,-33.957234060784465,25.07981299432469,0.2395833333333333,0,0.1907766312360763,27.34262983620405,1422.9104817089842,52.040000915527344,0.0097600221633911,0.2525905668735504,cpis_landsat_2015_tile_000003,2015,1.0
False,-34.12669226913968,21.303493142930897,0.2708333333333333,0,0.5817359089851379,27.34262983620405,2361.309737950909,86.3600082397461,0.0600422620773315,0.1741260588169098,cpis_landsat_2015_tile_000001,2015,1.0
False,-34.29712061852501,20.463963558368494,0.2395833333333333,0,0.426216572523117,27.34262983620405,2216.940477185275,81.08000183105469,0.1292658448219299,0.1421533226966858,cpis_landsat_2015_tile_000001,2015,1.0
False,-34.284831639120426,21.822539648300584,0.2395833333333333,0,0.3173921406269073,27.34262983620405,1603.3719012102442,58.6400032043457,0.0161676108837127,0.1538045108318328,cpis_landsat_2015_tile_000002,2015,1.0
False,-33.990543617837446,25.312979630517265,0.25,0,0.1276866495609283,27.34262983620405,2253.0327402247563,82.4000015258789,0.0934271812438964,0.3208583295345306,cpis_landsat_2015_tile_000003,2015,1.0
False,-34.1215179204675,24.703706259057125,0.25,0,0.1981305181980133,27.34262983620405,1603.3719012102442,58.6400032043457,0.0604457855224609,0.1186123117804527,cpis_landsat_2015_tile_000003,2015,1.0
False,-33.17494514915426,18.533897290462,0.28125,0,0.4278165400028229,27.34262983620405,2289.125003264237,83.72000122070312,0.0169498324394226,0.139853373169899,cpis_landsat_2015_tile_000000,2015,1.0
False,-34.339808534508535,21.894333012386877,0.2604166666666667,0,0.1253450810909271,27.34262983620405,2433.4940554221607,89.0,0.1148732900619506,0.34589883685112,cpis_landsat_2015_tile_000002,2015,1.0
False,-33.80200517968861,24.82303847455848,0.2604166666666667,1,0.2609927654266357,27.34262983620405,1199.7947307215686,43.8800048828125,0.1497692763805389,0.1516433805227279,cpis_landsat_2015_tile_000003,2015,1.0
False,-33.79877124466578,18.870226532836348,0.25,0,0.3105142116546631,27.34262983620405,1567.279533866908,57.31999969482422,0.012579321861267,0.1589733064174652,cpis_landsat_2015_tile_000000,2015,1.0
False,-34.2534624957168,21.76303523072159,0.2291666666666666,0,0.3959744572639465,27.34262983620405,1603.3719012102442,58.6400032043457,0.0969810783863067,0.1395001411437988,cpis_landsat_2015_tile_000002,2015,1.0
False,-34.06686447121732,21.067092440126345,0.25,0,0.1671559512615203,27.34262983620405,1819.9253751432743,66.55999755859375,0.0894910991191864,0.1770765036344528,cpis_landsat_2015_tile_000001,2015,1.0
False,-34.17681826199355,20.54836931510003,0.25,0,0.6588939428329468,27.34262983620405,2361.309737950909,86.3600082397461,0.0820575356483459,0.1557134687900543,cpis_landsat_2015_tile_000001,2015,1.0
False,-33.96984642053241,18.98147384498605,0.2291666666666666,0,0.1072820872068405,27.34262983620405,2000.3868989483897,73.16000366210938,0.0292679071426391,0.215638130903244,cpis_landsat_2015_tile_000000,2015,1.0
False,-33.90516772007581,25.59530218432818,0.2395833333333333,0,0.1208738312125206,27.34262983620405,1278.5414295510604,46.76000213623047,0.0277470201253891,0.0968711897730827,cpis_landsat_2015_tile_000003,2015,1.0
False,-34.3462764045542,20.42580309878127,0.2291666666666666,0,0.6730091571807861,27.34262983620405,2253.0327402247563,82.4000015258789,0.0853043794631958,0.1713532209396362,cpis_landsat_2015_tile_000001,2015,1.0
False,-33.79909462500915,25.381539158272588,0.2395833333333333,0,0.1841346323490142,27.34262983620405,1892.1101098299469,69.20000457763672,0.0430378317832946,0.1101920083165168,cpis_landsat_2015_tile_000003,2015,1.0
False,-34.69489462633313,20.144127371451667,0.2708333333333333,0,0.2141927480697631,27.34262983620405,2469.586318461642,90.31999969482422,0.1347981989383697,0.2969696819782257,cpis_landsat_2015_tile_000001,2015,1.0
False,-33.118674674822415,25.08207672252284,0.25,0,0.1322403252124786,27.34262983620405,1603.3719012102442,58.6400032043457,0.0529042333364486,0.1158631443977356,cpis_landsat_2015_tile_000003,2015,1.0
False,-33.95949778898261,25.04423970907356,0.25,0,0.1565070003271103,27.34262983620405,2469.586318461642,90.31999969482422,0.0578437149524688,0.2246260046958923,cpis_landsat_2015_tile_000003,2015,1.0
False,-34.11375652904836,20.81872620405515,0.2916666666666667,0,0.3474130928516388,27.34262983620405,2397.40200099039,87.68000793457031,0.0094965696334838,0.1634781956672668,cpis_landsat_2015_tile_000001,2015,1.0
False,-34.13186661781187,20.71944442517209,0.2916666666666667,0,0.5298762321472168,27.34262983620405,2361.309737950909,86.3600082397461,0.0576239824295043,0.1845515668392181,cpis_landsat_2015_tile_000001,2015,1.0
False,-34.35824206941,19.62831473531024,0.3125,0,0.6080278158187866,27.34262983620405,1856.017846790466,67.8800048828125,0.0190384984016418,0.1590609401464462,cpis_landsat_2015_tile_000001,2015,1.0
False,-34.130249650300456,20.94387959471,0.2916666666666667,0,0.7174682021141052,27.34262983620405,1964.2946359089087,71.84000396728516,0.0166610181331634,0.1804574429988861,cpis_landsat_2015_tile_000001,2015,1.0
False,-33.566898064052104,18.859231206394387,0.3020833333333333,0,0.2506534159183502,27.34262983620405,1928.202372869428,70.52000427246094,0.0127214193344116,0.1992363482713699,cpis_landsat_2015_tile_000000,2015,1.0
False,-33.76837224229226,22.326710131518738,0.3125,0,0.4166136085987091,27.34262983620405,1314.6336925905414,48.08000183105469,0.0648570358753204,0.1427998393774032,cpis_landsat_2015_tile_000002,2015,1.0
False,-34.094029538568016,20.34948224540139,0.3333333333333333,0,0.6858577728271484,27.34262983620405,1747.7409533681678,63.92000198364258,0.0564849376678466,0.1860790401697158,cpis_landsat_2015_tile_000001,2015,1.0
False,-34.29421012964012,20.54384172711457,0.3229166666666667,0,0.4138410091400146,27.34262983620405,2289.125003264237,83.72000122070312,0.0466252863407135,0.1562051475048065,cpis_landsat_2015_tile_000001,2015,1.0
False,-33.835314670947014,25.565226562298022,0.3333333333333333,0,0.2535531222820282,27.34262983620405,1206.3567991682437,44.119998931884766,0.0525464415550231,0.1962103843688964,cpis_landsat_2015_tile_000003,2015,1.0
False,-34.094029538568016,20.857856870467057,0.3645833333333333,0,0.599229097366333,27.34262983620405,2361.309737950909,86.3600082397461,0.0921686291694641,0.1789530515670776,cpis_landsat_2015_tile_000001,2015,1.0
False,-34.112786322223684,24.7570662527284,0.3958333333333333,0,0.1284183859825134,27.34262983620405,845.4341687734341,30.920001983642575,0.0720570981502533,0.1713592857122421,cpis_landsat_2015_tile_000003,2015,1.0
False,-34.07947683096528,21.30058265404601,0.2916666666666667,0,0.3948043584823608,27.34262983620405,2469.586318461642,90.31999969482422,0.0496052503585815,0.1633185893297195,cpis_landsat_2015_tile_000001,2015,1.0
False,-34.09985058213236,20.781859397430544,0.3125,0,0.4692904651165008,27.34262983620405,1819.9253751432743,66.55999755859375,0.0612064599990844,0.1615688502788543,cpis_landsat_2015_tile_000001,2015,1.0
False,-33.67749868130964,19.47146888670297,0.2916666666666667,0,0.2749016284942627,27.34262983620405,2469.586318461642,90.31999969482422,0.0579992830753326,0.1288370043039322,cpis_landsat_2015_tile_000001,2015,1.0
False,-34.3556548950739,20.16870533026084,0.3333333333333333,0,0.3845591843128204,27.34262983620405,2144.755951106313,78.44000244140625,0.0612003505229949,0.1654918044805526,cpis_landsat_2015_tile_000001,2015,1.0
False,-34.04422692605751,24.523576104603308,0.2916666666666667,0,0.2893493771553039,27.34262983620405,1134.1722730892816,41.47999954223633,0.0127105712890625,0.1287572830915451,cpis_landsat_2015_tile_000003,2015,1.0
False,-34.23599929922918,19.680704489259547,0.2916666666666667,0,0.6000036001205444,27.34262983620405,2469.586318461642,90.31999969482422,0.0221323370933532,0.1241091564297676,cpis_landsat_2015_tile_000001,2015,1.0
False,-34.19331138324565,20.42968392607999,0.28125,0,0.6598976254463196,27.34262983620405,2469.586318461642,90.31999969482422,0.0341177582740783,0.1392613798379898,cpis_landsat_2015_tile_000001,2015,1.0
False,-34.09726347359084,20.903455406924625,0.2916666666666667,0,0.4150767624378204,27.34262983620405,2397.40200099039,87.68000793457031,0.0522344708442688,0.1669260710477829,cpis_landsat_2015_tile_000001,2015,1.0
False,-34.29226971599076,21.848411128483225,0.28125,0,0.5085264444351196,27.34262983620405,1459.0027447484651,53.36000061035156,0.0871019661426544,0.1360780149698257,cpis_landsat_2015_tile_000002,2015,1.0
False,-33.9045208935945,24.97568018131824,0.3020833333333333,1,0.181354820728302,27.34262983620405,1422.9104817089842,52.040000915527344,0.1205026805400848,0.2009762078523636,cpis_landsat_2015_tile_000003,2015,1.0
False,-33.60861583900553,22.28854973772609,0.3333333333333333,0,0.3541190326213836,27.34262983620405,1242.4491665115795,45.44000244140625,0.0205159187316894,0.1303953826427459,cpis_landsat_2015_tile_000002,2015,1.0
False,-33.65033361395896,19.55328743620112,0.3020833333333333,0,0.3051824569702148,27.34262983620405,2072.571425027352,75.80000305175781,0.0167649388313293,0.1409522742033004,cpis_landsat_2015_tile_000001,2015,1.0
False,-34.17035039194789,21.005647674692568,0.3020833333333333,0,0.3882698118686676,27.34262983620405,2361.309737950909,86.3600082397461,0.0152730345726013,0.1825204193592071,cpis_landsat_2015_tile_000001,2015,1.0
False,-34.029350838111405,21.56705877327267,0.2395833333333333,0,0.4438947439193725,27.34262983620405,1711.648690328687,62.60000228881836,0.0720980465412139,0.1568667441606521,cpis_landsat_2015_tile_000002,2015,1.0
False,-34.20107277466478,20.75210722153833,0.28125,0,0.5136895179748535,27.34262983620405,2289.125003264237,83.72000122070312,0.019965648651123,0.1716076731681823,cpis_landsat_2015_tile_000001,2015,1.0
False,-33.98472250847852,22.314097771770783,0.28125,0,0.2230756133794784,27.34262983620405,1459.0027447484651,53.36000061035156,0.0173428058624267,0.136194035410881,cpis_landsat_2015_tile_000002,2015,1.0
False,-34.081093798476694,24.55559207448824,0.28125,0,0.2838844656944275,27.34262983620405,2469.586318461642,90.31999969482422,0.0010693371295928,0.148692175745964,cpis_landsat_2015_tile_000003,2015,1.0
False,-33.78939281994066,18.63059189500897,0.2604166666666667,0,0.4673935770988464,27.34262983620405,2289.125003264237,83.72000122070312,0.080168068408966,0.1959907710552215,cpis_landsat_2015_tile_000000,2015,1.0
False,-33.96111475649403,25.062673112385863,0.2708333333333333,0,0.4374655485153198,27.34262983620405,1819.9253751432743,66.55999755859375,0.0444758236408233,0.216466948390007,cpis_landsat_2015_tile_000003,2015,1.0
False,-34.24861159318255,19.74214925469332,0.2708333333333333,0,0.5779303312301636,27.34262983620405,2469.586318461642,90.31999969482422,0.0464824438095092,0.1308125704526901,cpis_landsat_2015_tile_000001,2015,1.0
False,-34.354361242111274,20.248906879350283,0.2708333333333333,0,0.2333829551935196,27.34262983620405,1964.2946359089087,71.84000396728516,0.0300438702106475,0.1659382432699203,cpis_landsat_2015_tile_000001,2015,1.0
False,-34.14641932541461,20.66382076909724,0.2708333333333333,0,0.735683262348175,27.34262983620405,2433.4940554221607,89.0,0.0634999275207519,0.1708401590585708,cpis_landsat_2015_tile_000001,2015,1.0
False,-33.64418912425666,25.726599998890748,0.25,0,0.3736954033374786,27.34262983620405,1311.352501911421,47.959999084472656,0.0010598301887512,0.1696544140577316,cpis_landsat_2015_tile_000003,2015,1.0
False,-33.990543617837446,22.34158621946484,0.2708333333333333,0,0.2371526956558227,27.34262983620405,1639.4641642497252,59.96000289916992,0.0290635526180267,0.115521028637886,cpis_landsat_2015_tile_000002,2015,1.0
False,-33.721156804117854,23.15039348710493,0.25,0,0.1422691494226455,27.34262983620405,1639.4641642497252,59.96000289916992,0.0222851932048797,0.1297142952680587,cpis_landsat_2015_tile_000002,2015,1.0
False,-33.96402531117349,25.02807003395941,0.25,0,0.1578934490680694,27.34262983620405,1783.833320711504,65.24000549316406,0.0369317531585693,0.2564504742622375,cpis_landsat_2015_tile_000003,2015,1.0
False,-34.145772433138724,21.21261951615371,0.2604166666666667,0,0.5285303592681885,27.34262983620405,2253.0327402247563,82.4000015258789,0.0809563994407653,0.1593856066465377,cpis_landsat_2015_tile_000001,2015,1.0
False,-33.15392457150586,18.60213324049023,0.2916666666666667,0,0.5856348872184753,27.34262983620405,1856.017846790466,67.8800048828125,0.075244665145874,0.1693381071090698,cpis_landsat_2015_tile_000000,2015,1.0
False,-34.03775905601185,24.55365172663346,0.28125,0,0.194748044013977,27.34262983620405,1278.5414295510604,46.76000213623047,0.0485626757144928,0.1133583188056945,cpis_landsat_2015_tile_000003,2015,1.0
False,-34.071715373751566,23.03397169469389,0.3229166666666667,0,0.1261371970176696,27.34262983620405,2433.4940554221607,89.0,0.1373321413993835,0.2700430750846863,cpis_landsat_2015_tile_000002,2015,1.0
False,-34.423567530553335,19.80779812907732,0.2916666666666667,0,0.7086685299873352,27.34262983620405,2289.125003264237,83.72000122070312,0.0418560206890106,0.1761862337589264,cpis_landsat_2015_tile_000001,2015,1.0
False,-33.77095941662835,25.33173647996751,0.3333333333333333,0,0.3821218907833099,27.34262983620405,773.2495905425446,28.280000686645508,0.0074346363544464,0.1246630176901817,cpis_landsat_2015_tile_000003,2015,1.0
False,-34.02449993557716,21.553152851029637,0.28125,0,0.4817331433296203,27.34262983620405,1495.0951120918014,54.68000411987305,0.0267001092433929,0.1665845364332199,cpis_landsat_2015_tile_000002,2015,1.0
False,-33.895142534663954,24.992820063257067,0.3020833333333333,0,0.4308690726757049,27.34262983620405,1025.8954839708388,37.52000045776367,0.080713003873825,0.1964605897665023,cpis_landsat_2015_tile_000003,2015,1.0
False,-34.21530203612957,20.65347220334201,0.3125,0,0.4207156300544739,27.34262983620405,2000.3868989483897,73.16000366210938,0.0321727991104126,0.1219569817185401,cpis_landsat_2015_tile_000001,2015,1.0
False,-33.32176579590102,19.345022015796253,0.3020833333333333,0,0.4846388697624206,27.34262983620405,1964.2946359089087,71.84000396728516,0.0283901095390319,0.1749743223190307,cpis_landsat_2015_tile_000001,2015,1.0
False,-33.04623452743251,25.920312604776687,0.375,1,0.5542609691619873,27.34262983620405,359.82903054825493,13.160000801086426,0.2304881513118744,0.1224516183137893,cpis_landsat_2015_tile_000004,2015,1.0
True,-34.02741042446205,24.717935586316493,0.3125,0,0.2071706354618072,27.34262983620405,953.7109578918768,34.880001068115234,0.0762997567653656,0.1558660864830017,cpis_landsat_2015_tile_000003,2015,0.5
False,-33.69399173676716,18.860848173905804,0.3020833333333333,0,0.1899975538253784,27.34262983620405,1892.1101098299469,69.20000457763672,0.0753156542778015,0.1656761765480041,cpis_landsat_2015_tile_000000,2015,1.0
False,-33.59568009891421,21.70288405245586,0.34375,0,0.2491557300090789,27.34262983620405,1819.9253751432743,66.55999755859375,0.030609130859375,0.1321542710065841,cpis_landsat_2015_tile_000002,2015,1.0
False,-33.69399173676716,18.96498085532311,0.25,0,0.4001139402389526,27.34262983620405,1747.7409533681678,63.92000198364258,0.0265877842903137,0.1518728584051132,cpis_landsat_2015_tile_000000,2015,1.0
False,-34.2279144616721,20.265399934807803,0.2604166666666667,0,0.5405227541923523,27.34262983620405,2180.8482141457944,79.76000213623047,0.1036625206470489,0.1409180462360382,cpis_landsat_2015_tile_000001,2015,1.0
False,-34.15579768434516,21.534719423044365,0.2395833333333333,0,0.6003146171569824,27.34262983620405,2180.8482141457944,79.76000213623047,0.0723470449447631,0.1857090592384338,cpis_landsat_2015_tile_000002,2015,1.0
False,-34.07042178658352,18.56591319455236,0.15625,0,0.1002485826611518,27.34262983620405,2433.4940554221607,89.0,0.1660939157009124,0.1924165487289428,cpis_landsat_2015_tile_000000,2015,1.0
False,-34.24861159318255,21.918264144714733,0.15625,0,0.1641539186239242,27.34262983620405,2108.6636880668325,77.12000274658203,0.0955365002155304,0.2855139374732971,cpis_landsat_2015_tile_000002,2015,1.0
False,-34.005419705783545,25.35502078581406,0.1770833333333333,0,0.1398528069257736,27.34262983620405,2469.586318461642,90.31999969482422,0.1031988561153411,0.3317469656467438,cpis_landsat_2015_tile_000003,2015,1.0
False,-34.37893920092044,21.665693799693315,0.1875,0,0.111180804669857,27.34262983620405,2469.586318461642,90.31999969482422,0.0708391964435577,0.2963026165962219,cpis_landsat_2015_tile_000002,2015,1.0
False,-34.09629326676617,18.369613364984392,0.1666666666666666,0,0.198856309056282,27.34262983620405,2469.586318461642,90.31999969482422,0.1872983574867248,0.3125020563602447,cpis_landsat_2015_tile_000000,2015,1.0
False,-33.64645291824939,18.673926703268386,0.15625,0,0.2185251116752624,27.34262983620405,2325.217266303718,85.04000091552734,0.1465478241443634,0.1530270278453827,cpis_landsat_2015_tile_000000,2015,1.0
False,-34.36341628649303,18.88283882678973,0.1770833333333333,0,0.3474626243114471,27.34262983620405,2469.586318461642,90.31999969482422,0.0648917853832244,0.2650326192378998,cpis_landsat_2015_tile_000000,2015,1.0
False,-34.079153384827336,18.54004171436972,0.15625,0,0.1279115825891494,27.34262983620405,2361.309737950909,86.3600082397461,0.1312745809555053,0.2477837800979614,cpis_landsat_2015_tile_000000,2015,1.0
False,-33.782278189208256,18.46081030631037,0.1145833333333333,0,0.1317258477210998,27.34262983620405,2469.586318461642,90.31999969482422,0.1287403553724289,0.2703089714050293,cpis_landsat_2015_tile_000000,2015,1.0
False,-33.60247134930324,18.613128698521344,0.1666666666666666,0,0.190445601940155,27.34262983620405,2469.586318461642,90.31999969482422,0.0906479060649871,0.1806776225566864,cpis_landsat_2015_tile_000000,2015,1.0
False,-34.41483593230952,19.184564990737623,0.1875,0,0.1973200440406799,27.34262983620405,2397.40200099039,87.68000793457031,0.0501672327518463,0.2683955430984497,cpis_landsat_2015_tile_000000,2015,1.0
False,-33.351841385033886,19.15837019600619,0.125,0,0.1719322800636291,27.34262983620405,2469.586318461642,90.31999969482422,0.1661060452461242,0.1748779565095901,cpis_landsat_2015_tile_000000,2015,1.0
False,-33.84145916064931,23.863206549913265,0.2083333333333333,0,0.2187930047512054,27.34262983620405,1639.4641642497252,59.96000289916992,0.0336416512727737,0.1190011128783226,cpis_landsat_2015_tile_000003,2015,1.0
False,-33.25514673114099,18.75736212158608,0.2083333333333333,0,0.6702402234077454,27.34262983620405,1964.2946359089087,71.84000396728516,0.0895387232303619,0.1494590491056442,cpis_landsat_2015_tile_000000,2015,1.0
False,-33.79100978745207,24.82982979074208,0.1979166666666666,0,0.1322281956672668,27.34262983620405,1675.556427289206,61.28000259399414,0.048534095287323,0.1903341263532638,cpis_landsat_2015_tile_000003,2015,1.0
False,-33.38547432243024,22.221283862933387,0.1979166666666666,0,0.0896890759468078,27.34262983620405,2072.571425027352,75.80000305175781,0.0594761818647384,0.1197880059480667,cpis_landsat_2015_tile_000002,2015,1.0
False,-34.0820639395068,19.223372211011583,0.21875,0,0.6291112303733826,27.34262983620405,2433.4940554221607,89.0,0.115012377500534,0.1829102486371994,cpis_landsat_2015_tile_000000,2015,1.0
False,-34.03064435948488,22.82570633185928,0.21875,0,0.1140549778938293,27.34262983620405,2469.586318461642,90.31999969482422,0.1782136410474777,0.3208396732807159,cpis_landsat_2015_tile_000002,2015,1.0
False,-33.7654616876128,25.432311911813198,0.21875,0,0.1518723666667938,27.34262983620405,2289.125003264237,83.72000122070312,0.021520972251892,0.0898121520876884,cpis_landsat_2015_tile_000003,2015,1.0
False,-33.871211402336094,25.595948945014914,0.2083333333333333,0,0.1556622833013534,27.34262983620405,1350.7259556300223,49.400001525878906,0.0106405764818191,0.1661215126514434,cpis_landsat_2015_tile_000003,2015,1.0
False,-33.97114000770046,25.22760379855021,0.1979166666666666,0,0.127885565161705,27.34262983620405,1025.8954839708388,37.52000045776367,0.0510472357273101,0.309134304523468,cpis_landsat_2015_tile_000003,2015,1.0
False,-33.042353804993894,18.632532308658323,0.21875,0,0.4776070713996887,27.34262983620405,2361.309737950909,86.3600082397461,0.0987465679645538,0.1782693415880203,cpis_landsat_2015_tile_000000,2015,1.0
False,-34.00186239041735,22.54532412590315,0.2083333333333333,0,0.1361550837755203,27.34262983620405,2433.4940554221607,89.0,0.0917229354381561,0.2961373925209045,cpis_landsat_2015_tile_000002,2015,1.0
False,-33.75640670902562,24.76709137234568,0.2083333333333333,0,0.2226540744304657,27.34262983620405,1206.3567991682437,44.119998931884766,0.121498167514801,0.1962338238954544,cpis_landsat_2015_tile_000003,2015,1.0
False,-33.33534832957637,18.79390561366189,0.1979166666666666,0,0.6387218236923218,27.34262983620405,2289.125003264237,83.72000122070312,0.0646014809608459,0.1585632264614105,cpis_landsat_2015_tile_000000,2015,1.0
False,-33.88511728345752,24.9566000173192,0.1770833333333333,0,0.1742802560329437,27.34262983620405,1495.0951120918014,54.68000411987305,0.0585160553455352,0.1688034981489181,cpis_landsat_2015_tile_000003,2015,1.0
False,-34.627952197678376,20.05163684295764,0.1875,0,0.2204369306564331,27.34262983620405,2469.586318461642,90.31999969482422,0.1595033705234527,0.1425462365150451,cpis_landsat_2015_tile_000001,2015,1.0
False,-33.5633407486859,18.98438446546009,0.2083333333333333,0,0.7116333246231079,27.34262983620405,2433.4940554221607,89.0,0.1129795610904693,0.1867764294147491,cpis_landsat_2015_tile_000000,2015,1.0
False,-33.31659151302341,18.8191303331578,0.1354166666666666,0,0.6033463478088379,27.34262983620405,2072.571425027352,75.80000305175781,0.1545729637145996,0.1878150552511215,cpis_landsat_2015_tile_000000,2015,1.0
False,-33.98957341101276,21.616214583974823,0.1875,0,0.1032294109463691,27.34262983620405,2397.40200099039,87.68000793457031,0.0620780140161514,0.149060845375061,cpis_landsat_2015_tile_000002,2015,1.0
False,-34.11828398544466,24.844059052206877,0.1354166666666666,0,0.1991531997919082,27.34262983620405,2216.940477185275,81.08000183105469,0.1128837317228317,0.1953997910022735,cpis_landsat_2015_tile_000003,2015,1.0
False,-33.95173639756348,25.174243870673507,0.1770833333333333,0,0.05717334151268,27.34262983620405,2469.586318461642,90.31999969482422,0.1041574776172638,0.304920881986618,cpis_landsat_2015_tile_000003,2015,1.0
False,-33.22992204454237,18.55297745446104,0.1875,0,0.6236593723297119,27.34262983620405,2216.940477185275,81.08000183105469,0.084756314754486,0.1471255868673324,cpis_landsat_2015_tile_000000,2015,1.0
False,-34.04325671923283,24.6399977654252,0.15625,0,0.3290503323078155,27.34262983620405,2036.4791619878704,74.4800033569336,0.0792596936225891,0.1673319190740585,cpis_landsat_2015_tile_000003,2015,1.0
False,-33.62187495944022,18.938139168315782,0.1770833333333333,0,0.5636642575263977,27.34262983620405,2325.217266303718,85.04000091552734,0.1004727780818939,0.1857497245073318,cpis_landsat_2015_tile_000000,2015,1.0
False,-34.127339029826416,24.723433249537475,0.1875,0,0.2060076594352722,27.34262983620405,2397.40200099039,87.68000793457031,0.0591275691986084,0.1252230256795883,cpis_landsat_2015_tile_000003,2015,1.0
False,-33.68946421457628,18.519344582859265,0.1979166666666666,0,0.5586872696876526,27.34262983620405,1783.833320711504,65.24000549316406,0.1195981800556182,0.1928113996982574,cpis_landsat_2015_tile_000000,2015,1.0
False,-34.07818324379723,21.60392563746753,0.1875,0,0.3462181389331817,27.34262983620405,2253.0327402247563,82.4000015258789,0.1209588050842285,0.1441779136657714,cpis_landsat_2015_tile_000002,2015,1.0
False,-33.80523911471144,18.682011540825457,0.1979166666666666,0,0.5365611910820007,27.34262983620405,1819.9253751432743,66.55999755859375,0.1111716330051422,0.1615185588598251,cpis_landsat_2015_tile_000000,2015,1.0
False,-34.35371448142454,21.837415736246687,0.1458333333333333,0,0.1511256247758865,27.34262983620405,2433.4940554221607,89.0,0.1325087994337082,0.2630216777324676,cpis_landsat_2015_tile_000002,2015,1.0
False,-34.068804819072106,18.694623834778834,0.1979166666666666,0,0.3623007833957672,27.34262983620405,2397.40200099039,87.68000793457031,0.0865254998207092,0.270816445350647,cpis_landsat_2015_tile_000000,2015,1.0
False,-33.76319795941465,25.73306786893641,0.15625,0,0.1788835078477859,27.34262983620405,2433.4940554221607,89.0,0.1144174337387085,0.2806068062782287,cpis_landsat_2015_tile_000003,2015,1.0
False,-33.94753225571597,25.09759963695026,0.1875,0,0.0982228741049766,27.34262983620405,2216.940477185275,81.08000183105469,0.0942388623952865,0.2456841915845871,cpis_landsat_2015_tile_000003,2015,1.0
False,-34.02061917407302,25.647368590831405,0.15625,0,0.1362361460924148,27.34262983620405,2361.309737950909,86.3600082397461,0.0834515690803527,0.2544084191322326,cpis_landsat_2015_tile_000003,2015,1.0
False,-33.256763698652406,18.920999286376954,0.1979166666666666,0,0.6064761281013489,27.34262983620405,2144.755951106313,78.44000244140625,0.0627620816230773,0.1703995764255523,cpis_landsat_2015_tile_000000,2015,1.0
False,-33.43365996742933,18.93070109144545,0.1875,0,0.6115530729293823,27.34262983620405,2433.4940554221607,89.0,0.115994244813919,0.1645658314228058,cpis_landsat_2015_tile_000000,2015,1.0
False,-33.80523911471144,25.66580199414371,0.1875,0,0.1448887884616851,27.34262983620405,2397.40200099039,87.68000793457031,0.1016156077384948,0.2240510582923889,cpis_landsat_2015_tile_000003,2015,1.0
False,-33.367687679804675,18.851469683386103,0.1979166666666666,0,0.2220053076744079,27.34262983620405,2469.586318461642,90.31999969482422,0.0798214077949523,0.165338397026062,cpis_landsat_2015_tile_000000,2015,1.0
False,-34.04907782859176,22.90655470743004,0.125,0,0.2015309184789657,27.34262983620405,2469.586318461642,90.31999969482422,0.1060369312763214,0.2764664590358734,cpis_landsat_2015_tile_000002,2015,1.0
False,-33.36542391870923,19.008962292680103,0.1875,0,0.6792486310005188,27.34262983620405,2397.40200099039,87.68000793457031,0.0807921886444091,0.1944068521261215,cpis_landsat_2015_tile_000000,2015,1.0
False,-34.008006814325064,22.696025484808125,0.1875,0,0.1106169670820236,27.34262983620405,1711.648690328687,62.60000228881836,0.1622618734836578,0.2914442718029022,cpis_landsat_2015_tile_000002,2015,1.0
False,-34.059426394346985,24.55300490015215,0.2395833333333333,0,0.3488505482673645,27.34262983620405,1061.987851314175,38.84000396728516,0.0221478939056396,0.1289303004741668,cpis_landsat_2015_tile_000003,2015,1.0
False,-34.33592783879897,19.059735177809863,0.15625,0,0.090373583137989,27.34262983620405,2469.586318461642,90.31999969482422,0.1119965761899948,0.2717683613300323,cpis_landsat_2015_tile_000000,2015,1.0
False,-33.787452472085874,22.547587919895875,0.15625,0,0.1812321841716766,27.34262983620405,2469.586318461642,90.31999969482422,0.1056458950042724,0.1806688606739044,cpis_landsat_2015_tile_000002,2015,1.0
False,-33.75770023039909,24.79878396188725,0.21875,0,0.2339044958353042,27.34262983620405,1567.279533866908,57.31999969482422,0.0340462774038314,0.1764223128557205,cpis_landsat_2015_tile_000003,2015,1.0
False,-34.19913236101542,21.8205993004458,0.1875,0,0.6064922213554382,27.34262983620405,1675.556427289206,61.28000259399414,0.1055704057216644,0.1304637342691421,cpis_landsat_2015_tile_000002,2015,1.0
False,-33.20825467330995,19.243422581835304,0.25,0,0.2831361889839172,27.34262983620405,1856.017846790466,67.8800048828125,0.0824837088584899,0.153908222913742,cpis_landsat_2015_tile_000000,2015,1.0
False,-34.07624289594245,21.280855597771087,0.2395833333333333,0,0.551264762878418,27.34262983620405,2144.755951106313,78.44000244140625,0.1687754690647125,0.141265869140625,cpis_landsat_2015_tile_000001,2015,1.0
False,-34.160325140741456,21.626886579419352,0.2291666666666666,0,0.6890466213226318,27.34262983620405,2000.3868989483897,73.16000366210938,0.071108728647232,0.1678841412067413,cpis_landsat_2015_tile_000002,2015,1.0
False,-33.7479984253306,24.755772599765777,0.2395833333333333,0,0.1611005216836929,27.34262983620405,1242.4491665115795,45.44000244140625,0.0460253357887268,0.1633178293704986,cpis_landsat_2015_tile_000003,2015,1.0
False,-33.41069900902885,25.357931406288092,0.2395833333333333,0,0.2548564076423645,27.34262983620405,1170.2646404326176,42.80000305175781,0.0291531831026077,0.1406281590461731,cpis_landsat_2015_tile_000003,2015,1.0
False,-33.85213117254248,18.84209132445556,0.25,0,0.3242163956165313,27.34262983620405,2144.755951106313,78.44000244140625,0.0546006858348846,0.1551776379346847,cpis_landsat_2015_tile_000000,2015,1.0
False,-34.01479813050867,22.53109486443836,0.2395833333333333,0,0.2264667004346847,27.34262983620405,2289.125003264237,83.72000122070312,0.1078408062458038,0.2953121066093445,cpis_landsat_2015_tile_000002,2015,1.0
False,-33.82528948553516,23.76521830885232,0.2291666666666666,0,0.1750928908586502,27.34262983620405,1203.0757127929785,44.0,0.0123232752084732,0.113027699291706,cpis_landsat_2015_tile_000003,2015,1.0
False,-34.23147171124372,21.84711754131518,0.2291666666666666,0,0.3422722518444061,27.34262983620405,1278.5414295510604,46.76000213623047,0.0535657405853271,0.1283424794673919,cpis_landsat_2015_tile_000002,2015,1.0
False,-33.12126182448555,18.488622200142377,0.21875,0,0.3183591961860657,27.34262983620405,2433.4940554221607,89.0,0.0584928095340728,0.1635676473379135,cpis_landsat_2015_tile_000000,2015,1.0
False,-34.0749493087744,24.87639840243518,0.21875,0,0.3136592209339142,27.34262983620405,1567.279533866908,57.31999969482422,0.0128833651542663,0.1385884284973144,cpis_landsat_2015_tile_000003,2015,1.0
False,-34.15191698863559,19.36151508770242,0.2083333333333333,0,0.7489455342292786,27.34262983620405,2397.40200099039,87.68000793457031,0.1127699017524719,0.1886747926473617,cpis_landsat_2015_tile_000001,2015,1.0
False,-33.985369269165254,20.342367614668994,0.2083333333333333,0,0.1766565442085266,27.34262983620405,2469.586318461642,90.31999969482422,0.0894122719764709,0.1726148277521133,cpis_landsat_2015_tile_000001,2015,1.0
False,-34.15127022794886,21.72261104293621,0.2395833333333333,0,0.6790160536766052,27.34262983620405,1675.556427289206,61.28000259399414,0.0325241386890411,0.1381300985813141,cpis_landsat_2015_tile_000002,2015,1.0
False,-34.2534624957168,20.53252295453467,0.21875,0,0.3951008319854736,27.34262983620405,2180.8482141457944,79.76000213623047,0.1354847848415374,0.1516257375478744,cpis_landsat_2015_tile_000001,2015,1.0
False,-33.730535228842975,24.74413051263708,0.2395833333333333,1,0.5599406957626343,27.34262983620405,1058.7066606350547,38.720001220703125,0.0218190550804138,0.1475135236978531,cpis_landsat_2015_tile_000003,2015,1.0
False,-34.14641932541461,21.9185875250581,0.2291666666666666,0,0.3085416257381439,27.34262983620405,2361.309737950909,86.3600082397461,0.0220644772052764,0.1405133157968521,cpis_landsat_2015_tile_000002,2015,1.0
False,-34.086268081354305,24.755449285216987,0.2083333333333333,0,0.3422069847583771,27.34262983620405,2144.755951106313,78.44000244140625,0.0220013558864593,0.1445745676755905,cpis_landsat_2015_tile_000003,2015,1.0
False,-33.53294177920967,18.789378157265592,0.2395833333333333,0,0.4556378126144409,27.34262983620405,1783.833320711504,65.24000549316406,0.0447142422199249,0.1531526893377304,cpis_landsat_2015_tile_000000,2015,1.0
False,-34.14544911858993,21.0412209599437,0.25,0,0.3757404088973999,27.34262983620405,2397.40200099039,87.68000793457031,0.0593873262405395,0.1788627952337265,cpis_landsat_2015_tile_000001,2015,1.0
False,-34.05004796962186,24.850203607703744,0.2291666666666666,0,0.5216951966285706,27.34262983620405,1206.3567991682437,44.119998931884766,0.0517420172691345,0.1449548155069351,cpis_landsat_2015_tile_000003,2015,1.0
False,-34.055869078980784,24.892568077549328,0.2291666666666666,0,0.4130688011646271,27.34262983620405,1098.0800100498006,40.15999984741211,0.0567107498645782,0.1253681927919387,cpis_landsat_2015_tile_000003,2015,1.0
False,-34.090148777063874,21.229759398092536,0.2395833333333333,0,0.2988836169242859,27.34262983620405,2253.0327402247563,82.4000015258789,0.0933289229869842,0.183400809764862,cpis_landsat_2015_tile_000001,2015,1.0
False,-33.358632668320205,18.765123644594365,0.2291666666666666,0,0.7095023393630981,27.34262983620405,2144.755951106313,78.44000244140625,0.0443308353424072,0.1351663470268249,cpis_landsat_2015_tile_000000,2015,1.0
False,-33.77710384053607,22.34611374165572,0.2395833333333333,0,0.6306143403053284,27.34262983620405,1495.0951120918014,54.68000411987305,0.0706638991832733,0.1491240561008453,cpis_landsat_2015_tile_000002,2015,1.0
False,-34.284184878433685,20.780889190605865,0.2291666666666666,0,0.5287144780158997,27.34262983620405,2000.3868989483897,73.16000366210938,0.0715487599372863,0.1658242642879486,cpis_landsat_2015_tile_000001,2015,1.0
False,-33.50836385329779,25.65415977542586,0.2395833333333333,0,0.3510834872722626,27.34262983620405,989.8032209313578,36.20000076293945,0.0860232412815094,0.1296417564153671,cpis_landsat_2015_tile_000003,2015,1.0
False,-34.0102706083178,22.36648755861738,0.2395833333333333,0,0.329285591840744,27.34262983620405,1928.202372869428,70.52000427246094,0.0188938081264495,0.1412296742200851,cpis_landsat_2015_tile_000002,2015,1.0
False,-33.3832105613348,18.756392046350555,0.2395833333333333,0,0.6159005761146545,27.34262983620405,2216.940477185275,81.08000183105469,0.0263304114341735,0.1995056867599487,cpis_landsat_2015_tile_000000,2015,1.0
False,-34.230824950556986,19.232750701531284,0.2291666666666666,0,0.6644235253334045,27.34262983620405,1819.9253751432743,66.55999755859375,0.1199472546577453,0.1623574942350387,cpis_landsat_2015_tile_000000,2015,1.0
False,-33.84566330249682,24.877368609259857,0.1979166666666666,1,0.4110273420810699,27.34262983620405,1061.987851314175,38.84000396728516,0.0510508716106414,0.1660865247249603,cpis_landsat_2015_tile_000003,2015,1.0
False,-34.012210956172574,21.61653798076684,0.2291666666666666,0,0.3542554974555969,27.34262983620405,1675.556427289206,61.28000259399414,0.0376463532447814,0.1301379948854446,cpis_landsat_2015_tile_000002,2015,1.0
False,-34.11310970256705,24.86734335805342,0.21875,0,0.2166587114334106,27.34262983620405,2469.586318461642,90.31999969482422,0.0601086616516113,0.1933375895023346,cpis_landsat_2015_tile_000003,2015,1.0
False,-33.3596028422476,22.244891549123302,0.2083333333333333,0,0.4109695553779602,27.34262983620405,1350.7259556300223,49.400001525878906,0.0606699287891387,0.1157828643918037,cpis_landsat_2015_tile_000002,2015,1.0
False,-33.167830485524576,18.617979601055588,0.21875,0,0.770331621170044,27.34262983620405,2469.586318461642,90.31999969482422,0.0733065605163574,0.1659188121557235,cpis_landsat_2015_tile_000000,2015,1.0
False,-34.05263514395796,24.82109819249827,0.1979166666666666,1,0.2948080003261566,27.34262983620405,1964.2946359089087,71.84000396728516,0.0596216022968292,0.143978863954544,cpis_landsat_2015_tile_000003,2015,1.0
False,-34.1422151835671,21.74233806631385,0.2083333333333333,0,0.1962620317935943,27.34262983620405,2397.40200099039,87.68000793457031,0.0767768025398254,0.148506611585617,cpis_landsat_2015_tile_000002,2015,1.0
False,-34.287095498907725,18.46372092678441,0.2083333333333333,0,0.2022941559553146,27.34262983620405,2108.6636880668325,77.12000274658203,0.139625608921051,0.2859565615653991,cpis_landsat_2015_tile_000000,2015,1.0
False,-34.12895599733783,20.557424359481782,0.1979166666666666,0,0.6027329564094543,27.34262983620405,2325.217266303718,85.04000091552734,0.1249960064888,0.1751687377691269,cpis_landsat_2015_tile_000001,2015,1.0
False,-33.43721728279552,25.531270244558307,0.1979166666666666,0,0.2889248132705688,27.34262983620405,1675.556427289206,61.28000259399414,0.0423755347728729,0.1171258315443992,cpis_landsat_2015_tile_000003,2015,1.0
False,-34.37085436336337,21.828037344418853,0.21875,0,0.2645108699798584,27.34262983620405,2469.586318461642,90.31999969482422,0.1085867583751678,0.3903613984584808,cpis_landsat_2015_tile_000002,2015,1.0
False,-34.10567169149129,19.718864915949485,0.21875,0,0.6660200357437134,27.34262983620405,2469.586318461642,90.31999969482422,0.1211974322795867,0.1792996525764465,cpis_landsat_2015_tile_000001,2015,1.0
False,-34.153857270695795,21.563178052890137,0.2083333333333333,0,0.3638469576835632,27.34262983620405,2253.0327402247563,82.4000015258789,0.0436260104179382,0.1649290472269058,cpis_landsat_2015_tile_000002,2015,1.0
False,-34.0390526431799,22.26914606179453,0.2083333333333333,0,0.1989013999700546,27.34262983620405,2469.586318461642,90.31999969482422,0.142850175499916,0.2706819772720337,cpis_landsat_2015_tile_000002,2015,1.0
False,-34.10405472397987,21.747512349191464,0.21875,0,0.2229606807231903,27.34262983620405,2253.0327402247563,82.4000015258789,0.0304475426673889,0.1461521536111831,cpis_landsat_2015_tile_000002,2015,1.0
False,-33.751555806491375,24.74510071946176,0.2083333333333333,0,0.2160688042640686,27.34262983620405,1170.2646404326176,42.80000305175781,0.0459300428628921,0.1711732596158981,cpis_landsat_2015_tile_000003,2015,1.0
False,-33.15489474543325,18.6965642484282,0.21875,0,0.625984251499176,27.34262983620405,1856.017846790466,67.8800048828125,0.0494795441627502,0.153914600610733,cpis_landsat_2015_tile_000000,2015,1.0
False,-33.107679290810204,18.562355944980737,0.21875,0,0.6957250833511353,27.34262983620405,1928.202372869428,70.52000427246094,0.0639297366142273,0.1425878256559372,cpis_landsat_2015_tile_000000,2015,1.0
False,-33.4417448049864,25.495373644758384,0.1979166666666666,0,0.1967272609472274,27.34262983620405,1783.833320711504,65.24000549316406,0.0335055142641067,0.1114571690559387,cpis_landsat_2015_tile_000003,2015,1.0
False,-34.18684351319999,21.6019852731641,0.21875,0,0.1132243126630783,27.34262983620405,2144.755951106313,78.44000244140625,0.0990404784679412,0.1856705695390701,cpis_landsat_2015_tile_000002,2015,1.0
False,-34.04196313206479,22.35355181852606,0.21875,0,0.2181534171104431,27.34262983620405,2469.586318461642,90.31999969482422,0.1506699919700622,0.2955153584480285,cpis_landsat_2015_tile_000002,2015,1.0
False,-33.82496610519179,25.58463017243501,0.2083333333333333,0,0.2148628085851669,27.34262983620405,1422.9104817089842,52.040000915527344,0.0302958935499191,0.1497577279806137,cpis_landsat_2015_tile_000003,2015,1.0
False,-34.12054784523197,24.780997319261683,0.1979166666666666,0,0.20224529504776,27.34262983620405,953.7109578918768,34.880001068115234,0.1051709651947021,0.1731970906257629,cpis_landsat_2015_tile_000003,2015,1.0
False,-34.026440283431945,25.443307238255155,0.1979166666666666,0,0.2400194555521011,27.34262983620405,1675.556427289206,61.28000259399414,0.1182524859905242,0.3093221783638,cpis_landsat_2015_tile_000003,2015,1.0
False,-34.076889656629184,24.62027077494485,0.1979166666666666,0,0.2505485415458679,27.34262983620405,2144.755951106313,78.44000244140625,0.0708008408546447,0.176735982298851,cpis_landsat_2015_tile_000003,2015,1.0
False,-34.12539874776621,20.01088927482889,0.21875,0,0.1527061313390731,27.34262983620405,1964.2946359089087,71.84000396728516,0.1222621202468872,0.1825543045997619,cpis_landsat_2015_tile_000001,2015,1.0
False,-33.57562972809049,18.6965642484282,0.2083333333333333,0,0.3796955943107605,27.34262983620405,2433.4940554221607,89.0,0.07780122756958,0.1705933362245559,cpis_landsat_2015_tile_000000,2015,1.0
False,-33.422017781608766,18.64094046076419,0.2083333333333333,0,0.4923558831214905,27.34262983620405,2469.586318461642,90.31999969482422,0.0626326203346252,0.1697113364934921,cpis_landsat_2015_tile_000000,2015,1.0
False,-34.31943484913603,19.451741879773977,0.2083333333333333,0,0.1091038882732391,27.34262983620405,2433.4940554221607,89.0,0.1616457849740982,0.2068506181240081,cpis_landsat_2015_tile_000001,2015,1.0
False,-34.5690946065807,20.142510403940253,0.2083333333333333,0,0.6399580240249634,27.34262983620405,2433.4940554221607,89.0,0.1034479141235351,0.1750832796096801,cpis_landsat_2015_tile_000001,2015,1.0
False,-34.266721681946066,20.224975747022423,0.21875,0,0.6528609991073608,27.34262983620405,2433.4940554221607,89.0,0.1396338045597076,0.1662571281194687,cpis_landsat_2015_tile_000001,2015,1.0
False,-33.30980022973709,18.86569907644005,0.2083333333333333,0,0.5297210216522217,27.34262983620405,2361.309737950909,86.3600082397461,0.1055962443351745,0.2137178033590316,cpis_landsat_2015_tile_000000,2015,1.0
False,-34.331723696951464,20.649268061494503,0.21875,0,0.6246858835220337,27.34262983620405,2289.125003264237,83.72000122070312,0.1269544661045074,0.168676882982254,cpis_landsat_2015_tile_000001,2015,1.0
False,-33.694638497453894,18.79099512477701,0.21875,0,0.5855580568313599,27.34262983620405,1928.202372869428,70.52000427246094,0.1021378636360168,0.1956228911876678,cpis_landsat_2015_tile_000000,2015,1.0
False,-34.035818708157066,21.52954512371811,0.2395833333333333,0,0.2321956753730774,27.34262983620405,1783.833320711504,65.24000549316406,0.0240482091903686,0.1512063592672348,cpis_landsat_2015_tile_000002,2015,1.0
False,-33.829817007726035,23.91300914597512,0.3229166666666667,0,0.1502505391836166,27.34262983620405,1130.8911867140166,41.36000061035156,0.0625265687704086,0.1334158182144165,cpis_landsat_2015_tile_000003,2015,1.0
False,-33.79909462500915,24.85085036839048,0.28125,0,0.2154239863157272,27.34262983620405,1098.0800100498006,40.15999984741211,0.1180402338504791,0.1764004975557327,cpis_landsat_2015_tile_000003,2015,1.0
False,-33.87476871770229,25.62020345768614,0.3020833333333333,0,0.1912048906087875,27.34262983620405,1603.3719012102442,58.6400032043457,0.1016895771026611,0.2568828463554382,cpis_landsat_2015_tile_000003,2015,1.0
False,-34.095646506079426,21.53568960519608,0.2395833333333333,0,0.3905931413173675,27.34262983620405,1567.279533866908,57.31999969482422,0.026928424835205,0.1354430317878723,cpis_landsat_2015_tile_000002,2015,1.0
False,-34.03129118596619,24.70176591120234,0.3333333333333333,1,0.2363976687192917,27.34262983620405,1025.8954839708388,37.52000045776367,0.094188392162323,0.1825627386569976,cpis_landsat_2015_tile_000003,2015,1.0
False,-34.05780942683557,21.580317910156,0.2291666666666666,0,0.5753233432769775,27.34262983620405,1783.833320711504,65.24000549316406,0.0386597514152526,0.1289403587579727,cpis_landsat_2015_tile_000002,2015,1.0
False,-34.10567169149129,21.491384688803848,0.25,0,0.3933929800987243,27.34262983620405,1711.648690328687,62.60000228881836,0.0185163617134094,0.1302408725023269,cpis_landsat_2015_tile_000002,2015,1.0
False,-34.05683928580547,24.532631148985065,0.3125,0,0.4148498773574829,27.34262983620405,1025.8954839708388,37.52000045776367,0.0729674696922302,0.1304378807544708,cpis_landsat_2015_tile_000003,2015,1.0
False,-34.06977502589679,24.544273301908337,0.3333333333333333,0,0.3194542825222015,27.34262983620405,953.7109578918768,34.880001068115234,0.1034010052680969,0.1269884705543518,cpis_landsat_2015_tile_000003,2015,1.0
False,-34.06815805838537,24.531660942160386,0.2916666666666667,0,0.2643782794475555,27.34262983620405,1711.648690328687,62.60000228881836,0.0912509560585022,0.1314225792884826,cpis_landsat_2015_tile_000003,2015,1.0
False,-33.11802788946272,25.19461768763517,0.2395833333333333,0,0.1307788044214248,27.34262983620405,1278.5414295510604,46.76000213623047,0.1274195313453674,0.1414141207933426,cpis_landsat_2015_tile_000003,2015,1.0
False,-34.15127022794886,24.82821282323067,0.2291666666666666,0,0.192339688539505,27.34262983620405,1278.5414295510604,46.76000213623047,0.1288933604955673,0.2270838618278503,cpis_landsat_2015_tile_000003,2015,1.0
False,-33.98084181276895,24.97276969243335,0.2604166666666667,0,0.1329219043254852,27.34262983620405,1531.1873751312824,56.00000381469727,0.0804792344570159,0.2894372045993805,cpis_landsat_2015_tile_000003,2015,1.0
False,-33.75867043722377,25.32526860992185,0.2604166666666667,0,0.382369190454483,27.34262983620405,1098.0800100498006,40.15999984741211,0.1178569495677948,0.1279925256967544,cpis_landsat_2015_tile_000003,2015,1.0
False,-33.82431934450506,23.88358033397764,0.3020833333333333,0,0.2428453266620636,27.34262983620405,1098.0800100498006,40.15999984741211,0.0809361338615417,0.1017929911613464,cpis_landsat_2015_tile_000003,2015,1.0
False,-34.052958524301324,24.540392540404195,0.3229166666666667,0,0.3243763744831085,27.34262983620405,953.7109578918768,34.880001068115234,0.0450041592121124,0.127956673502922,cpis_landsat_2015_tile_000003,2015,1.0
False,-33.88155996809132,25.52900651636016,0.2708333333333333,0,0.4341233372688293,27.34262983620405,1495.0951120918014,54.68000411987305,0.0881890952587127,0.1449596881866455,cpis_landsat_2015_tile_000003,2015,1.0
True,-33.863126564779016,24.890951110037918,0.2604166666666667,0,0.3109942078590393,27.34262983620405,1061.987851314175,38.84000396728516,0.0826001167297363,0.178571805357933,cpis_landsat_2015_tile_000003,2015,0.5
False,-34.07203875409494,24.57046816243435,0.2395833333333333,0,0.1968573182821273,27.34262983620405,1747.7409533681678,63.92000198364258,0.104981392621994,0.16436268389225,cpis_landsat_2015_tile_000003,2015,1.0
False,-34.09855699496431,21.55541660390075,0.25,0,0.3672880530357361,27.34262983620405,1314.6336925905414,48.08000183105469,0.0191450715065002,0.1318851262331009,cpis_landsat_2015_tile_000002,2015,1.0
False,-34.099527201788995,24.7754996560407,0.28125,0,0.3970375061035156,27.34262983620405,989.8032209313578,36.20000076293945,0.0558628737926483,0.1769333332777023,cpis_landsat_2015_tile_000003,2015,1.0
True,-33.735709511720586,24.759653427064496,0.2916666666666667,0,0.3195867240428924,27.34262983620405,1386.8182186695033,50.720001220703125,0.0417409241199493,0.1730971038341522,cpis_landsat_2015_tile_000003,2015,0.5
False,-33.875092098045656,24.893214838236062,0.3125,0,0.5919033288955688,27.34262983620405,1098.0800100498006,40.15999984741211,0.0543680787086486,0.1925203949213028,cpis_landsat_2015_tile_000003,2015,1.0
False,-33.649686853272215,21.47650858852126,0.2604166666666667,0,0.2240252047777176,27.34262983620405,1819.9253751432743,66.55999755859375,0.012007251381874,0.128934696316719,cpis_landsat_2015_tile_000002,2015,1.0
False,-33.76966582946031,22.402060843868515,0.2083333333333333,0,0.1993537694215774,27.34262983620405,1567.279533866908,57.31999969482422,0.0735383331775665,0.1573897898197174,cpis_landsat_2015_tile_000002,2015,1.0
False,-34.233412124893086,21.85746613996769,0.2395833333333333,0,0.2344226390123367,27.34262983620405,1350.7259556300223,49.400001525878906,0.0328333973884582,0.1325982809066772,cpis_landsat_2015_tile_000002,2015,1.0
False,-34.28871246641914,21.878486717616088,0.2291666666666666,0,0.4841396808624267,27.34262983620405,1819.9253751432743,66.55999755859375,0.0652965903282165,0.1322216391563415,cpis_landsat_2015_tile_000002,2015,1.0
False,-34.09985058213236,24.761917155262648,0.2708333333333333,0,0.2172387540340423,27.34262983620405,1639.4641642497252,59.96000289916992,0.0655261278152465,0.1568902879953384,cpis_landsat_2015_tile_000003,2015,1.0
False,-34.02579345695063,21.63012051444218,0.21875,0,0.3381209671497345,27.34262983620405,1964.2946359089087,71.84000396728516,0.0724112689495086,0.1436809748411178,cpis_landsat_2015_tile_000002,2015,1.0
False,-33.64063180889046,22.17148125042289,0.2604166666666667,0,0.3840875923633575,27.34262983620405,1098.0800100498006,40.15999984741211,0.0301402509212493,0.1459618806838989,cpis_landsat_2015_tile_000002,2015,1.0
False,-34.13057296484925,21.782115460515204,0.21875,0,0.1569143235683441,27.34262983620405,1892.1101098299469,69.20000457763672,0.0631569325923919,0.1730610430240631,cpis_landsat_2015_tile_000002,2015,1.0
False,-34.11052259402553,21.54215747524174,0.21875,0,0.2015522569417953,27.34262983620405,1819.9253751432743,66.55999755859375,0.0666062831878662,0.1588083207607269,cpis_landsat_2015_tile_000002,2015,1.0
False,-34.03517188167576,21.585168804465926,0.25,0,0.2473176419734954,27.34262983620405,1892.1101098299469,69.20000457763672,0.0362353324890136,0.1528732478618621,cpis_landsat_2015_tile_000002,2015,1.0
True,-33.93847721133422,22.82991047370679,0.25,0,0.3427668809890747,27.34262983620405,1495.0951120918014,54.68000411987305,0.0385736674070358,0.1373843848705291,cpis_landsat_2015_tile_000002,2015,0.5
False,-33.64192539605851,22.08933928768408,0.2604166666666667,0,0.2677150368690491,27.34262983620405,1711.648690328687,62.60000228881836,0.0298365652561187,0.1280744820833206,cpis_landsat_2015_tile_000002,2015,1.0
False,-33.9831055409671,22.327680338343416,0.2604166666666667,0,0.198715940117836,27.34262983620405,1459.0027447484651,53.36000061035156,0.0250053405761718,0.1460406929254531,cpis_landsat_2015_tile_000002,2015,1.0
False,-34.12054784523197,21.729078912981876,0.25,0,0.4398839473724365,27.34262983620405,1639.4641642497252,59.96000289916992,0.0342474281787872,0.145811378955841,cpis_landsat_2015_tile_000002,2015,1.0
False,-34.222740112999915,21.76917972042388,0.21875,0,0.2467113137245178,27.34262983620405,1603.3719012102442,58.6400032043457,0.0495601147413253,0.1461853981018066,cpis_landsat_2015_tile_000002,2015,1.0
False,-34.138334487857534,21.53310245553295,0.2708333333333333,0,0.4018767178058624,27.34262983620405,1386.8182186695033,50.720001220703125,0.0100733339786529,0.1573789417743683,cpis_landsat_2015_tile_000002,2015,1.0
False,-33.772899764483135,22.36648755861738,0.2395833333333333,0,0.4330495595932007,27.34262983620405,1495.0951120918014,54.68000411987305,0.0402909815311431,0.158153548836708,cpis_landsat_2015_tile_000002,2015,1.0
False,-34.276423487014554,21.83062448585766,0.25,0,0.4824647009372711,27.34262983620405,1350.7259556300223,49.400001525878906,0.0328939259052276,0.1433676779270172,cpis_landsat_2015_tile_000002,2015,1.0
False,-33.78130798238358,22.82053198318709,0.2083333333333333,0,0.1850156933069229,27.34262983620405,1567.279533866908,57.31999969482422,0.072939783334732,0.1489834487438202,cpis_landsat_2015_tile_000002,2015,1.0
False,-34.18490309955063,21.55703357141217,0.2395833333333333,0,0.3126395046710968,27.34262983620405,1783.833320711504,65.24000549316406,0.0318711400032043,0.1877702176570892,cpis_landsat_2015_tile_000002,2015,1.0
False,-34.14286194425384,21.518549747930216,0.2291666666666666,0,0.4015109241008758,27.34262983620405,1819.9253751432743,66.55999755859375,0.0516692698001861,0.1449854969978332,cpis_landsat_2015_tile_000002,2015,1.0
False,-33.33761209067181,22.24941907131418,0.2604166666666667,0,0.1979058235883712,27.34262983620405,1567.279533866908,57.31999969482422,0.0213705599308013,0.1244524642825126,cpis_landsat_2015_tile_000002,2015,1.0
False,-34.027733870599995,21.598427941349257,0.25,0,0.3345601558685303,27.34262983620405,1278.5414295510604,46.76000213623047,0.0340974628925323,0.111391581594944,cpis_landsat_2015_tile_000002,2015,1.0
False,-33.95270653859358,22.67985580969397,0.25,0,0.3184796571731567,27.34262983620405,1747.7409533681678,63.92000198364258,0.0260377973318099,0.1370820105075836,cpis_landsat_2015_tile_000002,2015,1.0
False,-33.35281159185857,22.234866363711443,0.25,0,0.420167475938797,27.34262983620405,1422.9104817089842,52.040000915527344,0.0319311618804931,0.1116806790232658,cpis_landsat_2015_tile_000002,2015,1.0
False,-34.09467629925475,21.459368732283437,0.2307692307692307,0,0.1522576212882995,27.34262983620405,1459.0027447484651,53.36000061035156,0.0312300026416778,0.1793237030506134,cpis_landsat_2015_tile_000002,2015,1.0
False,-34.13477710669676,21.49267826363541,0.2291666666666666,0,0.3703867197036743,27.34262983620405,1675.556427289206,61.28000259399414,0.040240466594696,0.1467507928609848,cpis_landsat_2015_tile_000002,2015,1.0
False,-34.164529282588965,21.67151487615495,0.2604166666666667,0,0.1789816319942474,27.34262983620405,1422.9104817089842,52.040000915527344,0.0240159928798675,0.1407921761274337,cpis_landsat_2015_tile_000002,2015,1.0
False,-34.05489887215611,24.862492455519178,0.2916666666666667,0,0.2178538888692855,27.34262983620405,917.6185905485409,33.55999755859375,0.0440714657306671,0.1544125974178314,cpis_landsat_2015_tile_000003,2015,1.0
True,-33.92586491738084,24.98247149750184,0.21875,0,0.1403056681156158,27.34262983620405,1025.8954839708388,37.52000045776367,0.0444139540195465,0.1820493191480636,cpis_landsat_2015_tile_000003,2015,0.5
False,-33.72827143485025,24.729577805034346,0.2916666666666667,0,0.2064000964164734,27.34262983620405,1675.556427289206,61.28000259399414,0.0397526919841766,0.1619249135255813,cpis_landsat_2015_tile_000003,2015,1.0
False,-34.13639407420818,24.847616433367648,0.1979166666666666,0,0.2518789172172546,27.34262983620405,1278.5414295510604,46.76000213623047,0.062355488538742,0.2102149575948715,cpis_landsat_2015_tile_000003,2015,1.0
False,-33.75446629537626,24.783261047459835,0.25,0,0.226126417517662,27.34262983620405,953.7109578918768,34.880001068115234,0.0232957601547241,0.1568188369274139,cpis_landsat_2015_tile_000003,2015,1.0
True,-33.91454614480093,25.012223673394047,0.2291666666666666,0,0.2644177675247192,27.34262983620405,1747.7409533681678,63.92000198364258,0.0357259213924407,0.1868550479412078,cpis_landsat_2015_tile_000003,2015,0.5
False,-34.04649065425566,24.534894877183216,0.2291666666666666,0,0.2419014871120453,27.34262983620405,1206.3567991682437,44.119998931884766,0.050167977809906,0.1236286163330078,cpis_landsat_2015_tile_000003,2015,1.0
False,-34.046167273912296,24.86702004350463,0.2083333333333333,0,0.2754596769809723,27.34262983620405,1206.3567991682437,44.119998931884766,0.0602481067180633,0.1621526479721069,cpis_landsat_2015_tile_000003,2015,1.0
False,-33.52906105060282,25.667742407793067,0.2395833333333333,0,0.3704417943954468,27.34262983620405,1639.4641642497252,59.96000289916992,0.037286102771759,0.12832573056221,cpis_landsat_2015_tile_000003,2015,1.0
False,-34.09758685393421,24.85182057521516,0.2291666666666666,0,0.3922221064567566,27.34262983620405,1445.878399247405,52.8800048828125,0.0435709357261657,0.1419442594051361,cpis_landsat_2015_tile_000003,2015,1.0
False,-33.88641087062556,24.93072853713656,0.1875,0,0.2491811215877533,27.34262983620405,1603.3719012102442,58.6400032043457,0.0726682692766189,0.1917223781347274,cpis_landsat_2015_tile_000003,2015,1.0
False,-33.83337432309223,23.85641528307559,0.2604166666666667,0,0.3763420879840851,27.34262983620405,1098.0800100498006,40.15999984741211,0.0195516943931579,0.1083521321415901,cpis_landsat_2015_tile_000003,2015,1.0
False,-33.40487793256722,25.344672220058836,0.2083333333333333,0,0.601065456867218,27.34262983620405,986.5221345560929,36.08000183105469,0.0649791359901428,0.129276841878891,cpis_landsat_2015_tile_000003,2015,1.0
False,-34.045197067087614,24.750921697231533,0.2083333333333333,0,0.2859159409999847,27.34262983620405,1350.7259556300223,49.400001525878906,0.0543391108512878,0.1694047451019287,cpis_landsat_2015_tile_000003,2015,1.0
False,-33.89934661071688,25.56684352980944,0.25,0,0.1546561121940612,27.34262983620405,1206.3567991682437,44.119998931884766,0.0391613990068435,0.0985696390271186,cpis_landsat_2015_tile_000003,2015,1.0
False,-33.51192120156127,25.63960706782312,0.2291666666666666,0,0.1695630252361297,27.34262983620405,917.6185905485409,33.55999755859375,0.0401422083377838,0.1423099786043167,cpis_landsat_2015_tile_000003,2015,1.0
False,-34.0820639395068,24.774529449216026,0.1875,0,0.5003945231437683,27.34262983620405,1206.3567991682437,44.119998931884766,0.0824071764945983,0.1280208975076675,cpis_landsat_2015_tile_000003,2015,1.0
False,-33.763521339758015,25.401912843645096,0.2395833333333333,0,0.2101374566555023,27.34262983620405,1711.648690328687,62.60000228881836,0.0348298847675323,0.1051752865314483,cpis_landsat_2015_tile_000003,2015,1.0
False,-33.81364733261188,25.59045128179393,0.2604166666666667,0,0.2522962689399719,27.34262983620405,989.8032209313578,36.20000076293945,0.0179393440485,0.0886154472827911,cpis_landsat_2015_tile_000003,2015,1.0
False,-33.7014298136375,25.98434452809791,0.28125,0,0.184763416647911,27.34262983620405,917.6185905485409,33.55999755859375,0.1177404969930648,0.2843632996082306,cpis_landsat_2015_tile_000004,2015,1.0
False,-33.76449154658269,26.3106485850604,0.25,0,0.1682713627815246,27.34262983620405,989.8032209313578,36.20000076293945,0.0640169978141784,0.4715678989887237,cpis_landsat_2015_tile_000004,2015,1.0
False,-33.68299634453062,26.646654447091382,0.2291666666666666,0,0.1296199262142181,27.34262983620405,979.9599618055628,35.84000396728516,0.0758436024188995,0.232738196849823,cpis_landsat_2015_tile_000004,2015,1.0
False,-33.6875238667215,26.594911486726097,0.1979166666666666,0,0.4304791390895843,27.34262983620405,986.5221345560929,36.08000183105469,0.1228054463863372,0.1110120862722396,cpis_landsat_2015_tile_000004,2015,1.0
False,-33.70337016149229,25.788368053172302,0.2395833333333333,0,0.2139473110437393,27.34262983620405,973.3975804473222,35.599998474121094,0.0460134148597717,0.1471673548221588,cpis_landsat_2015_tile_000004,2015,1.0
False,-33.64418912425666,26.632101739488647,0.2395833333333333,0,0.1548013389110565,27.34262983620405,1422.9104817089842,52.040000915527344,0.0321766287088394,0.1702348887920379,cpis_landsat_2015_tile_000004,2015,1.0
False,-33.67426474628681,26.659590187182705,0.1979166666666666,0,0.1294248104095459,27.34262983620405,1012.7710341659234,37.040000915527344,0.0598604828119277,0.2039845734834671,cpis_landsat_2015_tile_000004,2015,1.0
False,-34.04681403459903,21.75559718674854,0.2708333333333333,0,0.2904312908649444,27.34262983620405,1386.8182186695033,50.720001220703125,0.026298701763153,0.1223478093743324,cpis_landsat_2015_tile_000002,2015,1.0
False,-33.438187456722915,25.55552475722953,0.2291666666666666,0,0.2498788684606552,27.34262983620405,1386.8182186695033,50.720001220703125,0.0395110547542572,0.1390655487775802,cpis_landsat_2015_tile_000003,2015,1.0
False,-33.76319795941465,25.336587382501754,0.3229166666666667,0,0.2962271273136139,27.34262983620405,953.7109578918768,34.880001068115234,0.0162208080291748,0.1322997659444809,cpis_landsat_2015_tile_000003,2015,1.0
False,-33.9148695251443,25.60468067484788,0.2291666666666666,0,0.2670888602733612,27.34262983620405,1242.4491665115795,45.44000244140625,0.0382879525423049,0.1907078623771667,cpis_landsat_2015_tile_000003,2015,1.0
False,-33.71274858621741,25.173597109986773,0.1875,0,0.2230334728956222,27.34262983620405,1170.2646404326176,42.80000305175781,0.0969532132148742,0.1285066902637481,cpis_landsat_2015_tile_000003,2015,1.0
False,-34.04196313206479,24.70047232403429,0.2604166666666667,1,0.569034218788147,27.34262983620405,1386.8182186695033,50.720001220703125,0.0691281855106353,0.1682086735963821,cpis_landsat_2015_tile_000003,2015,1.0
False,-33.78518867809314,25.413555062362946,0.2708333333333333,0,0.1684432923793792,27.34262983620405,953.7109578918768,34.880001068115234,0.0709015727043151,0.1145973950624466,cpis_landsat_2015_tile_000003,2015,1.0
False,-33.81591106081003,24.8776920553978,0.2604166666666667,0,0.2021577060222625,27.34262983620405,1892.1101098299469,69.20000457763672,0.0621541291475296,0.1533791124820709,cpis_landsat_2015_tile_000003,2015,1.0
False,-34.04713748073697,25.624731045671595,0.1979166666666666,0,0.211842343211174,27.34262983620405,1639.4641642497252,59.96000289916992,0.068071573972702,0.3423920273780823,cpis_landsat_2015_tile_000003,2015,1.0
False,-34.072685514781675,24.596016262273626,0.2604166666666667,0,0.1227856054902076,27.34262983620405,1058.7066606350547,38.720001220703125,0.0532895028591156,0.1377482563257217,cpis_landsat_2015_tile_000003,2015,1.0
False,-34.096616647109535,24.6260918185092,0.28125,0,0.3913220167160034,27.34262983620405,1098.0800100498006,40.15999984741211,0.0285001695156097,0.1451305896043777,cpis_landsat_2015_tile_000003,2015,1.0
False,-33.812677125787204,23.632303574068185,0.28125,0,0.1639139354228973,27.34262983620405,917.6185905485409,33.55999755859375,0.0316267609596252,0.129439115524292,cpis_landsat_2015_tile_000003,2015,1.0
False,-33.82140878982559,25.396091865875324,0.2395833333333333,0,0.137316882610321,27.34262983620405,1242.4491665115795,45.44000244140625,0.0786275416612625,0.1008476242423057,cpis_landsat_2015_tile_000003,2015,1.0
False,-34.01609165188214,24.683655888233407,0.25,0,0.1811655610799789,27.34262983620405,1314.6336925905414,48.08000183105469,0.0408487915992736,0.2035627514123916,cpis_landsat_2015_tile_000003,2015,1.0
False,-33.88770445779361,25.56102255203967,0.28125,0,0.2365422397851944,27.34262983620405,953.7109578918768,34.880001068115234,0.0260621905326843,0.1106160953640937,cpis_landsat_2015_tile_000003,2015,1.0
False,-34.02385310909585,24.57208512994576,0.2604166666666667,0,0.2141611278057098,27.34262983620405,1061.987851314175,38.84000396728516,0.0364185869693756,0.1492522656917572,cpis_landsat_2015_tile_000003,2015,1.0
False,-33.63836808069231,25.701698725532783,0.2083333333333333,0,0.1396533101797104,27.34262983620405,1639.4641642497252,59.96000289916992,0.0676359236240387,0.1574364155530929,cpis_landsat_2015_tile_000003,2015,1.0
False,-33.746704903957124,25.32914930563141,0.2604166666666667,0,0.1724249422550201,27.34262983620405,1603.3719012102442,58.6400032043457,0.0380994379520416,0.141417846083641,cpis_landsat_2015_tile_000003,2015,1.0
False,-34.04778424142371,25.59465542364144,0.2083333333333333,0,0.3050971329212188,27.34262983620405,1747.7409533681678,63.92000198364258,0.0395155847072601,0.3391233682632446,cpis_landsat_2015_tile_000003,2015,1.0
False,-33.96370193083012,25.193324034672543,0.1875,0,0.504289984703064,27.34262983620405,1170.2646404326176,42.80000305175781,0.0644625127315521,0.3182486891746521,cpis_landsat_2015_tile_000003,2015,1.0
False,-33.513861549416056,25.67873773423503,0.2395833333333333,0,0.4776421785354614,27.34262983620405,1098.0800100498006,40.15999984741211,0.0548803210258483,0.1338056921958923,cpis_landsat_2015_tile_000003,2015,1.0
False,-33.845986682840184,23.903307340906636,0.2708333333333333,0,0.1658185720443725,27.34262983620405,1242.4491665115795,45.44000244140625,0.0199422538280487,0.1331779807806015,cpis_landsat_2015_tile_000003,2015,1.0
False,-33.79974138569588,25.499577786605894,0.2604166666666667,0,0.256119817495346,27.34262983620405,1025.8954839708388,37.52000045776367,0.0350037664175033,0.1041911169886589,cpis_landsat_2015_tile_000003,2015,1.0
False,-33.84113578030594,25.506368971200345,0.2708333333333333,0,0.2376163452863693,27.34262983620405,1025.8954839708388,37.52000045776367,0.0244667828083038,0.1037536859512329,cpis_landsat_2015_tile_000003,2015,1.0
False,-33.102181602916254,25.115386279575823,0.2395833333333333,0,0.1300849169492721,27.34262983620405,1130.8911867140166,41.36000061035156,0.0481169521808624,0.1313194930553436,cpis_landsat_2015_tile_000003,2015,1.0
False,-33.75123236035343,25.33917455683785,0.2708333333333333,0,0.2224088311195373,27.34262983620405,1170.2646404326176,42.80000305175781,0.015878677368164,0.135057121515274,cpis_landsat_2015_tile_000003,2015,1.0
False,-33.77645707984934,25.415818790561097,0.2708333333333333,0,0.3921323418617248,27.34262983620405,1711.648690328687,62.60000228881836,0.021000400185585,0.106278546154499,cpis_landsat_2015_tile_000003,2015,1.0
False,-33.51353816907269,25.687792778616785,0.2604166666666667,0,0.4050273597240448,27.34262983620405,953.7109578918768,34.880001068115234,0.0241553485393524,0.1321020573377609,cpis_landsat_2015_tile_000003,2015,1.0
False,-33.746704903957124,25.371513907066152,0.2708333333333333,0,0.1349323987960815,27.34262983620405,1711.648690328687,62.60000228881836,0.017037495970726,0.1150783970952034,cpis_landsat_2015_tile_000003,2015,1.0
False,-34.029027391973464,25.4691787184378,0.21875,0,0.1397017538547516,27.34262983620405,1386.8182186695033,50.720001220703125,0.0392511188983917,0.3015601336956024,cpis_landsat_2015_tile_000003,2015,1.0
False,-33.66391611473701,21.541834078449728,0.25,0,0.1309145987033844,27.34262983620405,1819.9253751432743,66.55999755859375,0.0505010783672332,0.1187275201082229,cpis_landsat_2015_tile_000002,2015,1.0
False,-33.80944319076437,25.43974998868353,0.2604166666666667,0,0.2346102148294448,27.34262983620405,1603.3719012102442,58.6400032043457,0.0246068686246871,0.126928374171257,cpis_landsat_2015_tile_000003,2015,1.0
False,-33.362189983686406,22.21772654756719,0.2395833333333333,0,0.450527012348175,27.34262983620405,1675.556427289206,61.28000259399414,0.0608399510383605,0.1389487087726593,cpis_landsat_2015_tile_000002,2015,1.0
False,-33.38547432243024,18.899331948041823,0.2395833333333333,0,0.1374395340681076,27.34262983620405,1495.0951120918014,54.68000411987305,0.0295840501785278,0.16038878262043,cpis_landsat_2015_tile_000000,2015,1.0
False,-34.09596988642279,18.880575098591574,0.2395833333333333,0,0.1405936181545257,27.34262983620405,1783.833320711504,65.24000549316406,0.0379099994897842,0.1184211671352386,cpis_landsat_2015_tile_000000,2015,1.0
False,-33.35927946190423,18.4692185900054,0.2395833333333333,0,0.386409193277359,27.34262983620405,1961.0134452297884,71.72000122070312,0.0283996760845184,0.1421459764242172,cpis_landsat_2015_tile_000000,2015,1.0
False,-33.80006483183383,18.710146749206253,0.21875,0,0.357014387845993,27.34262983620405,1928.202372869428,70.52000427246094,0.0453362166881561,0.153815358877182,cpis_landsat_2015_tile_000000,2015,1.0
False,-34.28612529208305,19.663241226977348,0.3125,0,0.5014662146568298,27.34262983620405,1783.833320711504,65.24000549316406,0.1008234918117523,0.1484279781579971,cpis_landsat_2015_tile_000001,2015,1.0
False,-34.26639823580812,20.37761751957676,0.3229166666666667,0,0.5383354425430298,27.34262983620405,1747.7409533681678,63.92000198364258,0.0925404131412506,0.1357530504465103,cpis_landsat_2015_tile_000001,2015,1.0
False,-34.12636882300174,20.64377039827352,0.3229166666666667,0,0.6092022657394409,27.34262983620405,1783.833320711504,65.24000549316406,0.055086076259613,0.1530583202838897,cpis_landsat_2015_tile_000001,2015,1.0
False,-34.04422692605751,20.40704638092017,0.2708333333333333,0,0.3492846190929413,27.34262983620405,1856.017846790466,67.8800048828125,0.0828761756420135,0.194084346294403,cpis_landsat_2015_tile_000001,2015,1.0
False,-34.090148777063874,21.044778341104475,0.3229166666666667,0,0.5367902517318726,27.34262983620405,1603.3719012102442,58.6400032043457,0.037508338689804,0.1662836372852325,cpis_landsat_2015_tile_000001,2015,1.0
False,-33.990543617837446,20.21850787697677,0.2604166666666667,0,0.5663962364196777,27.34262983620405,1856.017846790466,67.8800048828125,0.1004736423492431,0.1523407995700836,cpis_landsat_2015_tile_000001,2015,1.0
False,-34.294533444188914,20.571653620946577,0.2604166666666667,0,0.3573997914791107,27.34262983620405,1747.7409533681678,63.92000198364258,0.099152386188507,0.1527562737464904,cpis_landsat_2015_tile_000001,2015,1.0
False,-33.223130777704704,18.52290183243089,0.21875,0,0.4440027475357055,27.34262983620405,1856.017846790466,67.8800048828125,0.0604258179664611,0.1302995085716247,cpis_landsat_2015_tile_000000,2015,1.0
False,-34.326549479868426,20.35789052909641,0.2708333333333333,0,0.5785722732543945,27.34262983620405,1928.202372869428,70.52000427246094,0.0720140933990478,0.1681243628263473,cpis_landsat_2015_tile_000001,2015,1.0
False,-34.198162285779894,20.190696048939337,0.25,0,0.4403855502605438,27.34262983620405,1711.648690328687,62.60000228881836,0.0842514336109161,0.1674781441688537,cpis_landsat_2015_tile_000001,2015,1.0
False,-34.278687215212706,20.553543532183067,0.28125,0,0.5784496068954468,27.34262983620405,1928.202372869428,70.52000427246094,0.0547238588333129,0.146930381655693,cpis_landsat_2015_tile_000001,2015,1.0
False,-34.3417489481579,20.7770084948963,0.28125,0,0.594558835029602,27.34262983620405,1964.2946359089087,71.84000396728516,0.0545682311058044,0.1442881524562835,cpis_landsat_2015_tile_000001,2015,1.0
False,-34.131219725535985,20.13474901252112,0.2395833333333333,0,0.2568079829216003,27.34262983620405,1819.9253751432743,66.55999755859375,0.0999934077262878,0.124810516834259,cpis_landsat_2015_tile_000001,2015,1.0
False,-34.06557088404928,21.34391733071628,0.2916666666666667,0,0.1474181115627288,27.34262983620405,1856.017846790466,67.8800048828125,0.0375202000141143,0.1566032469272613,cpis_landsat_2015_tile_000001,2015,1.0
False,-34.12960275802457,20.916067700878,0.3020833333333333,0,0.437301903963089,27.34262983620405,1928.202372869428,70.52000427246094,0.0283257663249969,0.145987406373024,cpis_landsat_2015_tile_000001,2015,1.0
False,-34.182962685901266,19.99698332791289,0.28125,0,0.6351592540740967,27.34262983620405,1856.017846790466,67.8800048828125,0.0359529852867126,0.1628479063510894,cpis_landsat_2015_tile_000001,2015,1.0
False,-34.14415546562731,20.40057851087452,0.2916666666666667,0,0.6122483611106873,27.34262983620405,1819.9253751432743,66.55999755859375,0.0273945331573486,0.1524831056594848,cpis_landsat_2015_tile_000001,2015,1.0
False,-34.075596069461135,21.081968593867025,0.25,0,0.4007177352905273,27.34262983620405,1711.648690328687,62.60000228881836,0.0573185682296752,0.1790014505386352,cpis_landsat_2015_tile_000001,2015,1.0
False,-34.112786322223684,20.95487492115197,0.28125,0,0.2177502959966659,27.34262983620405,1856.017846790466,67.8800048828125,0.0207913517951965,0.1823219209909439,cpis_landsat_2015_tile_000001,2015,1.0
False,-34.278363769074765,20.68128396558486,0.28125,0,0.6048344969749451,27.34262983620405,1928.202372869428,70.52000427246094,0.0298827290534973,0.1425928622484207,cpis_landsat_2015_tile_000001,2015,1.0
False,-34.15450416297168,19.68361501104172,0.3020833333333333,0,0.5241293907165527,27.34262983620405,1783.833320711504,65.24000549316406,0.0488041639328002,0.1247666478157043,cpis_landsat_2015_tile_000001,2015,1.0
False,-34.09208912491865,21.28117904390903,0.2604166666666667,0,0.4023176431655884,27.34262983620405,1603.3719012102442,58.6400032043457,0.0438527166843414,0.1700342744588852,cpis_landsat_2015_tile_000001,2015,1.0
False,-33.402290791128415,19.19814749151568,0.25,0,0.3679693341255188,27.34262983620405,1856.017846790466,67.8800048828125,0.0132831633090972,0.1948139667510986,cpis_landsat_2015_tile_000000,2015,1.0
False,-33.85762883576346,18.980827084299317,0.2708333333333333,0,0.3165740966796875,27.34262983620405,1964.2946359089087,71.84000396728516,0.0144484043121337,0.1249054595828056,cpis_landsat_2015_tile_000000,2015,1.0
False,-33.85568848790868,22.34611374165572,0.28125,0,0.2399138957262039,27.34262983620405,1567.279533866908,57.31999969482422,0.0153259336948394,0.1376868337392807,cpis_landsat_2015_tile_000002,2015,1.0
False,-33.15489474543325,18.66196103841259,0.28125,0,0.1637249439954757,27.34262983620405,1747.7409533681678,63.92000198364258,0.1459023058414459,0.1876301020383834,cpis_landsat_2015_tile_000000,2015,1.0
False,-33.495428113206465,18.70755957487016,0.2916666666666667,0,0.5789355039596558,27.34262983620405,1675.556427289206,61.28000259399414,0.1276183128356933,0.1520837694406509,cpis_landsat_2015_tile_000000,2015,1.0
False,-33.180442828823885,18.950104701582426,0.3020833333333333,0,0.2769191265106201,27.34262983620405,1964.2946359089087,71.84000396728516,0.0913272202014923,0.1976251751184463,cpis_landsat_2015_tile_000000,2015,1.0
False,-33.07954405775644,18.847588987676534,0.25,0,0.2312543094158172,27.34262983620405,1892.1101098299469,69.20000457763672,0.1363825500011444,0.1769681423902511,cpis_landsat_2015_tile_000000,2015,1.0
False,-33.335024949233,18.880575098591574,0.3125,0,0.2694245874881744,27.34262983620405,1531.1873751312824,56.00000381469727,0.0733630061149597,0.1773131489753723,cpis_landsat_2015_tile_000000,2015,1.0
False,-34.25313918116801,19.22854655968377,0.3020833333333333,0,0.5807626843452454,27.34262983620405,1961.0134452297884,71.72000122070312,0.0673112869262695,0.1989268958568573,cpis_landsat_2015_tile_000000,2015,1.0
False,-33.74282414245298,18.82527488865467,0.2708333333333333,0,0.2969223260879516,27.34262983620405,1603.3719012102442,58.6400032043457,0.0977753400802612,0.1734996885061264,cpis_landsat_2015_tile_000000,2015,1.0
False,-33.19273179177983,18.377698202541467,0.28125,0,0.2425429970026016,27.34262983620405,1747.7409533681678,63.92000198364258,0.080761581659317,0.1907474845647812,cpis_landsat_2015_tile_000000,2015,1.0
False,-33.693344976080425,19.007022010619902,0.2708333333333333,0,0.3238445222377777,27.34262983620405,1639.4641642497252,59.96000289916992,0.0984596610069274,0.1536126434803009,cpis_landsat_2015_tile_000000,2015,1.0
False,-33.411669182956246,18.95689601776603,0.28125,0,0.431588351726532,27.34262983620405,1892.1101098299469,69.20000457763672,0.0611937940120697,0.1880134493112564,cpis_landsat_2015_tile_000000,2015,1.0
False,-33.03523914753245,18.76932778644188,0.25,0,0.5313475728034973,27.34262983620405,1928.202372869428,70.52000427246094,0.0242245197296142,0.1544909924268722,cpis_landsat_2015_tile_000000,2015,1.0
False,-34.21530203612957,19.22725290672115,0.2291666666666666,0,0.571823000907898,27.34262983620405,1964.2946359089087,71.84000396728516,0.1080658733844757,0.2007519304752349,cpis_landsat_2015_tile_000000,2015,1.0
False,-33.316268099782754,18.981797291124,0.2708333333333333,0,0.3808725476264953,27.34262983620405,1711.648690328687,62.60000228881836,0.0462197661399841,0.1964058727025985,cpis_landsat_2015_tile_000000,2015,1.0
False,-33.80200517968861,18.612158491696665,0.2604166666666667,0,0.6491427421569824,27.34262983620405,1783.833320711504,65.24000549316406,0.0558570027351379,0.1831561177968979,cpis_landsat_2015_tile_000000,2015,1.0
False,-33.14907366074729,18.989558682543127,0.21875,0,0.2020097374916076,27.34262983620405,1892.1101098299469,69.20000457763672,0.0973125994205474,0.1723638623952865,cpis_landsat_2015_tile_000000,2015,1.0
False,-33.66844363692789,18.99958393374956,0.2395833333333333,0,0.1594389081001281,27.34262983620405,1892.1101098299469,69.20000457763672,0.0729922503232956,0.1704980731010437,cpis_landsat_2015_tile_000000,2015,1.0
False,-33.71630590158361,18.799079962334083,0.1979166666666666,0,0.2014972120523452,27.34262983620405,1964.2946359089087,71.84000396728516,0.1112139225006103,0.1714004129171371,cpis_landsat_2015_tile_000000,2015,1.0
False,-33.38870825745307,18.82786193140161,0.2083333333333333,0,0.4792898297309875,27.34262983620405,1892.1101098299469,69.20000457763672,0.0818899571895599,0.2007717341184616,cpis_landsat_2015_tile_000000,2015,1.0
False,-33.809119810421,18.84467849879165,0.28125,0,0.3238873779773712,27.34262983620405,1928.202372869428,70.52000427246094,0.0235423445701599,0.1411952078342437,cpis_landsat_2015_tile_000000,2015,1.0
False,-33.65971203868408,18.787437743616238,0.2083333333333333,0,0.4641842246055603,27.34262983620405,1928.202372869428,70.52000427246094,0.0781864523887634,0.1565788984298706,cpis_landsat_2015_tile_000000,2015,1.0
False,-33.560753607247094,18.87798792425548,0.1875,0,0.6348225474357605,27.34262983620405,1892.1101098299469,69.20000457763672,0.0866287946701049,0.2047746479511261,cpis_landsat_2015_tile_000000,2015,1.0
False,-33.70725085720185,18.71855490131212,0.25,0,0.4773631393909454,27.34262983620405,1928.202372869428,70.52000427246094,0.0347735583782196,0.1492209434509277,cpis_landsat_2015_tile_000000,2015,1.0
False,-33.26161460118665,19.111154692037207,0.2395833333333333,0,0.5007173418998718,27.34262983620405,1783.833320711504,65.24000549316406,0.0412820577621459,0.1511170566082,cpis_landsat_2015_tile_000000,2015,1.0
False,-33.58888884852518,18.99117565005454,0.2708333333333333,0,0.2575725615024566,27.34262983620405,1422.9104817089842,52.040000915527344,0.0621245205402374,0.1711674481630325,cpis_landsat_2015_tile_000000,2015,1.0
False,-34.066217644736014,21.260481780809425,0.2916666666666667,0,0.5842955112457275,27.34262983620405,1747.7409533681678,63.92000198364258,0.0143880248069763,0.137737438082695,cpis_landsat_2015_tile_000001,2015,1.0
False,-33.39161881213253,18.84661878085186,0.21875,0,0.2206752151250839,27.34262983620405,1964.2946359089087,71.84000396728516,0.0423604846000671,0.204661414027214,cpis_landsat_2015_tile_000000,2015,1.0
False,-34.13218993236067,22.108742897821063,0.25,0,0.1312426030635833,27.34262983620405,1892.1101098299469,69.20000457763672,0.1275327503681183,0.301237940788269,cpis_landsat_2015_tile_000002,2015,1.0
False,-34.061043361858395,21.466159996036986,0.28125,0,0.2209844589233398,27.34262983620405,1711.648690328687,62.60000228881836,0.0291833281517028,0.1971931755542755,cpis_landsat_2015_tile_000002,2015,1.0
False,-34.23535253854244,21.777587938324327,0.25,0,0.1780817955732345,27.34262983620405,1783.833320711504,65.24000549316406,0.0709834098815918,0.1486590206623077,cpis_landsat_2015_tile_000002,2015,1.0
False,-34.32622603373048,21.88366103339099,0.2395833333333333,0,0.4969922602176666,27.34262983620405,1314.6336925905414,48.08000183105469,0.0811464488506317,0.1464004218578338,cpis_landsat_2015_tile_000002,2015,1.0
False,-34.07721303697255,21.759154535012023,0.28125,0,0.2547033429145813,27.34262983620405,1459.0027447484651,53.36000061035156,0.0471551418304443,0.1147717535495758,cpis_landsat_2015_tile_000002,2015,1.0
False,-34.09305933174333,21.496558988130104,0.2708333333333333,0,0.3610577285289764,27.34262983620405,1350.7259556300223,49.400001525878906,0.051777958869934,0.1305307745933532,cpis_landsat_2015_tile_000002,2015,1.0
False,-33.75058559966669,22.678885734458447,0.21875,0,0.5708231925964355,27.34262983620405,1928.202372869428,70.52000427246094,0.0962485074996948,0.1568042486906051,cpis_landsat_2015_tile_000002,2015,1.0
False,-33.40002703003297,22.05602979642568,0.2916666666666667,0,0.270230233669281,27.34262983620405,1206.3567991682437,44.119998931884766,0.031335175037384,0.1200439780950546,cpis_landsat_2015_tile_000002,2015,1.0
False,-34.058132807178936,22.89070847845383,0.2395833333333333,0,0.2233035713434219,27.34262983620405,1928.202372869428,70.52000427246094,0.036071240901947,0.3082127869129181,cpis_landsat_2015_tile_000002,2015,1.0
False,-34.18490309955063,21.6343246233924,0.2395833333333333,0,0.1319774985313415,27.34262983620405,1711.648690328687,62.60000228881836,0.0755083858966827,0.1499412059783935,cpis_landsat_2015_tile_000002,2015,1.0
False,-33.72859481519362,23.177558488661045,0.1979166666666666,0,0.4579955637454986,27.34262983620405,1711.648690328687,62.60000228881836,0.1211233884096145,0.1269261538982391,cpis_landsat_2015_tile_000002,2015,1.0
False,-33.382563767750774,22.247155343116027,0.2083333333333333,0,0.1250393837690353,27.34262983620405,1783.833320711504,65.24000549316406,0.1010003089904785,0.1635999232530594,cpis_landsat_2015_tile_000002,2015,1.0
False,-34.12960275802457,21.54215747524174,0.2604166666666667,0,0.5973595976829529,27.34262983620405,1278.5414295510604,46.76000213623047,0.0596720278263092,0.1605915576219558,cpis_landsat_2015_tile_000002,2015,1.0
False,-33.63804463455437,22.132027269462185,0.2916666666666667,0,0.5529702305793762,27.34262983620405,1278.5414295510604,46.76000213623047,0.0180739760398864,0.1514014452695846,cpis_landsat_2015_tile_000002,2015,1.0
False,-34.15870817323004,21.460015519699216,0.28125,0,0.2978790402412414,27.34262983620405,1239.1679758324592,45.31999969482422,0.0140823125839233,0.197565421462059,cpis_landsat_2015_tile_000002,2015,1.0
False,-33.55978343331971,21.689948312364542,0.2291666666666666,0,0.3774797916412353,27.34262983620405,1242.4491665115795,45.44000244140625,0.0844323337078094,0.1216900050640106,cpis_landsat_2015_tile_000002,2015,1.0
False,-33.61540708939456,22.263001637886813,0.28125,0,0.4235126376152038,27.34262983620405,1422.9104817089842,52.040000915527344,0.0308340787887573,0.1260582059621811,cpis_landsat_2015_tile_000002,2015,1.0
False,-34.01835544587487,21.64467322204492,0.2916666666666667,0,0.1462791860103607,27.34262983620405,1675.556427289206,61.28000259399414,0.0137884020805358,0.1381238996982574,cpis_landsat_2015_tile_000002,2015,1.0
False,-34.09791023427758,21.797314961701964,0.1875,0,0.2137553393840789,27.34262983620405,1783.833320711504,65.24000549316406,0.1003296673297882,0.2049635648727417,cpis_landsat_2015_tile_000002,2015,1.0
False,-34.10631845217802,21.720670695081427,0.2395833333333333,0,0.3333175778388977,27.34262983620405,1531.1873751312824,56.00000381469727,0.0675711631774902,0.1249832734465599,cpis_landsat_2015_tile_000002,2015,1.0
False,-33.61249660050967,22.274643790810085,0.2916666666666667,0,0.3632224202156067,27.34262983620405,1567.279533866908,57.31999969482422,0.0157742202281951,0.1213013008236885,cpis_landsat_2015_tile_000002,2015,1.0
False,-33.765785067956166,22.42566853005843,0.2916666666666667,0,0.2762229442596435,27.34262983620405,1170.2646404326176,42.80000305175781,0.0112196207046508,0.1373092979192733,cpis_landsat_2015_tile_000002,2015,1.0
False,-33.7793676345288,22.31248080425937,0.2291666666666666,0,0.4186214804649353,27.34262983620405,1206.3567991682437,44.119998931884766,0.0727568864822387,0.1396224200725555,cpis_landsat_2015_tile_000002,2015,1.0
False,-34.13574731352144,21.465836603357136,0.3125,0,0.5124940276145935,27.34262983620405,1278.5414295510604,46.76000213623047,0.1016375422477722,0.1780179888010025,cpis_landsat_2015_tile_000002,2015,1.0
False,-33.62510889446305,22.207377916017386,0.2395833333333333,0,0.4458569586277008,27.34262983620405,1242.4491665115795,45.44000244140625,0.0637898743152618,0.1332676410675048,cpis_landsat_2015_tile_000002,2015,1.0
False,-33.87153478267946,22.345466980968983,0.2916666666666667,0,0.2739883661270141,27.34262983620405,1639.4641642497252,59.96000289916992,0.0170173048973083,0.1496833264827728,cpis_landsat_2015_tile_000002,2015,1.0
False,-33.66456294121832,22.13914190019458,0.2395833333333333,0,0.1469135135412216,27.34262983620405,1675.556427289206,61.28000259399414,0.0854131430387497,0.1433419585227966,cpis_landsat_2015_tile_000002,2015,1.0
False,-33.649686853272215,22.12135525756901,0.28125,0,0.1538972556591034,27.34262983620405,1350.7259556300223,49.400001525878906,0.0355220139026641,0.1393346786499023,cpis_landsat_2015_tile_000002,2015,1.0
False,-34.30326517402188,21.83935611699876,0.3125,0,0.5179460644721985,27.34262983620405,1495.0951120918014,54.68000411987305,0.0596675276756286,0.1612959057092666,cpis_landsat_2015_tile_000002,2015,1.0
False,-33.637721254211,22.07381643905124,0.3229166666666667,0,0.218348428606987,27.34262983620405,1495.0951120918014,54.68000411987305,0.0730898082256317,0.1355429738759994,cpis_landsat_2015_tile_000002,2015,1.0
False,-34.13865780240633,21.905975165310146,0.3125,0,0.2473339885473251,27.34262983620405,1314.6336925905414,48.08000183105469,0.0152015388011932,0.1386873871088028,cpis_landsat_2015_tile_000002,2015,1.0
False,-34.00444949895887,22.645899491954257,0.2916666666666667,0,0.1275529712438583,27.34262983620405,1531.1873751312824,56.00000381469727,0.050589770078659,0.3210766017436981,cpis_landsat_2015_tile_000002,2015,1.0
False,-34.17002694580995,21.48168288373536,0.2604166666666667,0,0.5024678707122803,27.34262983620405,1350.7259556300223,49.400001525878906,0.1100576519966125,0.1912173479795456,cpis_landsat_2015_tile_000002,2015,1.0
False,-34.014474684370725,22.786252350898582,0.2291666666666666,0,0.1364162862300872,27.34262983620405,1892.1101098299469,69.20000457763672,0.1325315535068512,0.2240979075431823,cpis_landsat_2015_tile_000002,2015,1.0
False,-34.07785986345386,22.158545510331564,0.1875,0,0.127101793885231,27.34262983620405,1892.1101098299469,69.20000457763672,0.1356769800186157,0.3722235858440399,cpis_landsat_2015_tile_000002,2015,1.0
False,-33.99377755286027,21.668604337924133,0.2604166666666667,0,0.4263357520103454,27.34262983620405,1675.556427289206,61.28000259399414,0.1207839548587799,0.1346350163221359,cpis_landsat_2015_tile_000002,2015,1.0
False,-34.32169857733418,21.85908310747911,0.28125,0,0.4413435459136963,27.34262983620405,1278.5414295510604,46.76000213623047,0.0996836721897125,0.1283080875873565,cpis_landsat_2015_tile_000002,2015,1.0
False,-34.09855699496431,21.96289244145033,0.3333333333333333,0,0.3788136541843414,27.34262983620405,1098.0800100498006,40.15999984741211,0.0387950241565704,0.1448017954826355,cpis_landsat_2015_tile_000002,2015,1.0
False,-33.582744358822886,22.36875128681553,0.28125,0,0.2591663897037506,27.34262983620405,1422.9104817089842,52.040000915527344,0.0938427150249481,0.119124062359333,cpis_landsat_2015_tile_000002,2015,1.0
False,-33.61831764407402,22.061850839990026,0.3229166666666667,0,0.4907061755657196,27.34262983620405,1675.556427289206,61.28000259399414,0.0417538285255432,0.1262704282999038,cpis_landsat_2015_tile_000002,2015,1.0
False,-33.60990942617357,22.224517797956217,0.3229166666666667,0,0.2348452806472778,27.34262983620405,1386.8182186695033,50.720001220703125,0.0264791697263717,0.1553078740835189,cpis_landsat_2015_tile_000002,2015,1.0
False,-33.97243352907393,22.274643790810085,0.2708333333333333,1,0.3401625156402588,27.34262983620405,1314.6336925905414,48.08000183105469,0.0795490145683288,0.1583478450775146,cpis_landsat_2015_tile_000002,2015,1.0
False,-34.1144032897351,22.11844470288955,0.21875,0,0.1486331969499588,27.34262983620405,1964.2946359089087,71.84000396728516,0.134359061717987,0.3227601945400238,cpis_landsat_2015_tile_000002,2015,1.0
False,-34.14900636816155,21.4858870009099,0.2291666666666666,0,0.3228313326835632,27.34262983620405,1711.648690328687,62.60000228881836,0.0923240780830383,0.1711875796318054,cpis_landsat_2015_tile_000002,2015,1.0
False,-33.76934244911694,22.3794232987087,0.2708333333333333,0,0.4107175767421722,27.34262983620405,1278.5414295510604,46.76000213623047,0.0685876011848449,0.1144170761108398,cpis_landsat_2015_tile_000002,2015,1.0
False,-34.04940120893512,22.4538038042338,0.2083333333333333,0,0.1751861572265625,27.34262983620405,1856.017846790466,67.8800048828125,0.0942615866661071,0.2634656131267547,cpis_landsat_2015_tile_000002,2015,1.0
False,-34.15191698863559,21.700620291360423,0.2708333333333333,0,0.3275459408760071,27.34262983620405,1964.2946359089087,71.84000396728516,0.0580877959728241,0.1623039692640304,cpis_landsat_2015_tile_000002,2015,1.0
False,-33.62219840557816,21.70611798747869,0.2916666666666667,0,0.4613121747970581,27.34262983620405,1386.8182186695033,50.720001220703125,0.0561376214027404,0.1439104974269867,cpis_landsat_2015_tile_000002,2015,1.0
False,-33.63578090635622,22.181829816178112,0.3125,0,0.4385730624198913,27.34262983620405,1242.4491665115795,45.44000244140625,0.0304189026355743,0.1260409206151962,cpis_landsat_2015_tile_000002,2015,1.0
False,-33.953676745418264,22.97640775655883,0.2916666666666667,1,0.1585446745157241,27.34262983620405,1711.648690328687,62.60000228881836,0.0444223135709762,0.1413425505161285,cpis_landsat_2015_tile_000002,2015,1.0
False,-33.61540708939456,22.24618513629135,0.3125,0,0.3397049605846405,27.34262983620405,1206.3567991682437,44.119998931884766,0.0283513963222503,0.1609110087156295,cpis_landsat_2015_tile_000002,2015,1.0
False,-34.174877848344195,21.816071778254923,0.2916666666666667,0,0.3801094889640808,27.34262983620405,1206.3567991682437,44.119998931884766,0.0578958094120025,0.1273003816604614,cpis_landsat_2015_tile_000002,2015,1.0
False,-33.82043858300091,22.51654215683562,0.2708333333333333,0,0.3026770651340484,27.34262983620405,1242.4491665115795,45.44000244140625,0.0823525190353393,0.1207748353481292,cpis_landsat_2015_tile_000002,2015,1.0
False,-34.14803629292602,21.796991548461307,0.25,0,0.2197106182575225,27.34262983620405,1419.629291029864,51.91999816894531,0.0899204611778259,0.155850201845169,cpis_landsat_2015_tile_000002,2015,1.0
False,-33.54749448681241,22.21999027576534,0.1770833333333333,0,0.3578871190547943,27.34262983620405,1531.1873751312824,56.00000381469727,0.0742064416408538,0.1461845338344574,cpis_landsat_2015_tile_000002,2015,1.0
False,-34.05522231829405,21.72358124976089,0.21875,0,0.4273543953895569,27.34262983620405,1567.279533866908,57.31999969482422,0.0501340329647064,0.1157674491405487,cpis_landsat_2015_tile_000002,2015,1.0
False,-34.074302482293085,18.368966604297658,0.2604166666666667,0,0.2785823345184326,27.34262983620405,2108.6636880668325,77.12000274658203,0.0323140621185302,0.2648111581802368,cpis_landsat_2015_tile_000000,2015,1.0
False,-33.488960243160804,25.66483178731903,0.2083333333333333,0,0.2000581175088882,27.34262983620405,1964.2946359089087,71.84000396728516,0.0443645715713501,0.1479109227657318,cpis_landsat_2015_tile_000003,2015,1.0
False,-33.63869146103568,22.298574923137945,0.21875,0,0.3221349418163299,27.34262983620405,1747.7409533681678,63.92000198364258,0.0443639457225799,0.1289393007755279,cpis_landsat_2015_tile_000002,2015,1.0
False,-34.66578921112766,19.883148841427094,0.3541666666666667,0,0.6218976974487305,27.34262983620405,1711.648690328687,62.60000228881836,0.0265242755413055,0.1389281749725341,cpis_landsat_2015_tile_000001,2015,1.0
False,-33.98989679135613,25.672593310327315,0.21875,0,0.1709354370832443,27.34262983620405,2108.6636880668325,77.12000274658203,0.0501759946346282,0.2736177146434784,cpis_landsat_2015_tile_000003,2015,1.0
False,-33.79456710281827,22.226458145811,0.21875,0,0.1968015134334564,27.34262983620405,1928.202372869428,70.52000427246094,0.0470771193504333,0.1273916810750961,cpis_landsat_2015_tile_000002,2015,1.0
False,-33.60344155612791,26.889846400284966,0.1666666666666666,0,0.1103187501430511,27.34262983620405,1892.1101098299469,69.20000457763672,0.1278792023658752,0.3334366381168365,cpis_landsat_2015_tile_000004,2015,1.0
False,-33.33631850350376,19.312359270832022,0.2604166666666667,0,0.1468817293643951,27.34262983620405,2072.571425027352,75.80000305175781,0.0551349073648452,0.1516530066728592,cpis_landsat_2015_tile_000001,2015,1.0
False,-34.3233155448456,21.9011242627759,0.21875,0,0.1569008529186248,27.34262983620405,2108.6636880668325,77.12000274658203,0.0550408363342285,0.29845130443573,cpis_landsat_2015_tile_000002,2015,1.0
False,-34.18231592521453,21.65631539141684,0.2083333333333333,0,0.2924805879592895,27.34262983620405,1856.017846790466,67.8800048828125,0.0368681252002716,0.1813999563455581,cpis_landsat_2015_tile_000002,2015,1.0
False,-34.095646506079426,21.782115460515204,0.2395833333333333,0,0.1960631012916565,27.34262983620405,2000.3868989483897,73.16000366210938,0.0704863965511322,0.1897777915000915,cpis_landsat_2015_tile_000002,2015,1.0
False,-34.1929879371077,21.30705052409167,0.2604166666666667,0,0.1788225919008255,27.34262983620405,2108.6636880668325,77.12000274658203,0.076730728149414,0.1706384867429733,cpis_landsat_2015_tile_000001,2015,1.0
False,-33.506423505443,22.53529894049129,0.25,0,0.1739755123853683,27.34262983620405,2000.3868989483897,73.16000366210938,0.0718143731355667,0.1271895170211792,cpis_landsat_2015_tile_000002,2015,1.0
False,-33.274873738069985,18.75800901386197,0.2604166666666667,0,0.5332095623016357,27.34262983620405,1711.648690328687,62.60000228881836,0.0054593682289123,0.1408473998308181,cpis_landsat_2015_tile_000000,2015,1.0
False,-34.43068216128573,19.315916600590786,0.375,0,0.1711818128824234,27.34262983620405,2072.571425027352,75.80000305175781,0.151822954416275,0.2907170057296753,cpis_landsat_2015_tile_000001,2015,1.0
False,-33.3026855990047,19.17518663180708,0.25,0,0.2884777188301086,27.34262983620405,2144.755951106313,78.44000244140625,0.0169785022735595,0.1789434850215912,cpis_landsat_2015_tile_000000,2015,1.0
False,-34.49697782925375,19.60017949403216,0.28125,0,0.2398963719606399,27.34262983620405,2144.755951106313,78.44000244140625,0.0453061163425445,0.1588232815265655,cpis_landsat_2015_tile_000001,2015,1.0
False,-34.029350838111405,21.462926061014155,0.1948051948051948,0,0.1289313733577728,27.34262983620405,2177.5672320743847,79.64000701904297,0.0533600002527236,0.1944366693496704,cpis_landsat_2015_tile_000002,2015,1.0
False,-34.11796067089588,20.755341156561165,0.3541666666666667,0,0.6037612557411194,27.34262983620405,1531.1873751312824,56.00000381469727,0.0685574412345886,0.1469819843769073,cpis_landsat_2015_tile_000001,2015,1.0
False,-33.300098424668604,19.37445082779374,0.2395833333333333,0,0.1672619581222534,27.34262983620405,2036.4791619878704,74.4800033569336,0.0849227607250213,0.1699210107326507,cpis_landsat_2015_tile_000001,2015,1.0
False,-33.268729264816336,19.14769818411302,0.2916666666666667,0,0.3606055974960327,27.34262983620405,2072.571425027352,75.80000305175781,0.020728588104248,0.1504710465669632,cpis_landsat_2015_tile_000000,2015,1.0
False,-34.12636882300174,22.087722320172663,0.2083333333333333,0,0.1627107113599777,27.34262983620405,2036.4791619878704,74.4800033569336,0.0680170506238937,0.1315384060144424,cpis_landsat_2015_tile_000002,2015,1.0
False,-33.69366835642379,26.45779262859918,0.1979166666666666,0,0.4770776629447937,27.34262983620405,920.8997812276608,33.68000030517578,0.1509114801883697,0.1308102160692215,cpis_landsat_2015_tile_000004,2015,1.0
False,-34.01253433651594,18.776765863312217,0.2604166666666667,0,0.2981593608856201,27.34262983620405,2108.6636880668325,77.12000274658203,0.0269255638122558,0.1331323683261871,cpis_landsat_2015_tile_000000,2015,1.0
False,-33.64839326610417,18.41521190144196,0.21875,0,0.1899394989013672,27.34262983620405,2180.8482141457944,79.76000213623047,0.0359447002410888,0.2396669536828994,cpis_landsat_2015_tile_000000,2015,1.0
False,-33.954646886448366,22.31086383674796,0.1875,0,0.1791035532951355,27.34262983620405,1856.017846790466,67.8800048828125,0.0606554597616195,0.1637274175882339,cpis_landsat_2015_tile_000002,2015,1.0
False,-34.04875444824839,24.469569416039874,0.1666666666666666,0,0.465305894613266,27.34262983620405,1098.0800100498006,40.15999984741211,0.0661052763462066,0.1334913671016693,cpis_landsat_2015_tile_000003,2015,1.0
False,-34.000245422905934,21.73781054412297,0.1875,0,0.2814215719699859,27.34262983620405,1639.4641642497252,59.96000289916992,0.0618604570627212,0.135294422507286,cpis_landsat_2015_tile_000002,2015,1.0
False,-33.78712909174251,25.583013204923592,0.1979166666666666,0,0.1462314277887344,27.34262983620405,1711.648690328687,62.60000228881836,0.05618816614151,0.0943854302167892,cpis_landsat_2015_tile_000003,2015,1.0
False,-34.46787241404828,19.8841189824572,0.25,0,0.2408631742000579,27.34262983620405,2108.6636880668325,77.12000274658203,0.0595617592334747,0.1866410970687866,cpis_landsat_2015_tile_000001,2015,1.0
False,-33.59729706642562,22.24262782092515,0.21875,0,0.0776937529444694,27.34262983620405,1783.833320711504,65.24000549316406,0.0867782086133956,0.147056758403778,cpis_landsat_2015_tile_000002,2015,1.0
False,-33.28813287495332,27.475188639417247,0.125,0,0.1159875690937042,27.34262983620405,1567.279533866908,57.31999969482422,0.1146069318056106,0.3010555207729339,cpis_landsat_2015_tile_000004,2015,1.0
False,-33.46955663302383,25.625701252496278,0.15625,0,0.2920557856559753,27.34262983620405,1170.2646404326176,42.80000305175781,0.1161543726921081,0.1415089815855026,cpis_landsat_2015_tile_000003,2015,1.0
False,-33.79359696178817,23.62777606421379,0.2291666666666666,0,0.2962234616279602,27.34262983620405,1711.648690328687,62.60000228881836,0.0170014649629592,0.1097956448793411,cpis_landsat_2015_tile_000003,2015,1.0
False,-34.0287040116301,24.53586508400789,0.21875,0,0.2140157371759414,27.34262983620405,1819.9253751432743,66.55999755859375,0.0201829075813293,0.1063889190554618,cpis_landsat_2015_tile_000003,2015,1.0
False,-33.81849823514613,18.53907150754504,0.25,0,0.0803384110331535,27.34262983620405,1928.202372869428,70.52000427246094,0.079607605934143,0.1900714635848999,cpis_landsat_2015_tile_000000,2015,1.0
False,-33.97502070341003,22.368427906472164,0.2916666666666667,1,0.1758471429347992,27.34262983620405,2072.571425027352,75.80000305175781,0.0168426632881164,0.1347490549087524,cpis_landsat_2015_tile_000002,2015,1.0
True,-34.05457549181274,24.79069912433017,0.1770833333333333,1,0.3857741057872772,27.34262983620405,1422.9104817089842,52.040000915527344,0.0391222536563873,0.1621885597705841,cpis_landsat_2015_tile_000003,2015,0.5
False,-33.81817485480276,25.48211445852912,0.25,0,0.3199692964553833,27.34262983620405,1747.7409533681678,63.92000198364258,0.0093599110841751,0.0943410769104957,cpis_landsat_2015_tile_000003,2015,1.0
False,-33.975667464096766,22.189914653735187,0.25,0,0.1618313193321228,27.34262983620405,2072.571425027352,75.80000305175781,0.0049431025981903,0.1205487251281738,cpis_landsat_2015_tile_000002,2015,1.0
False,-34.08594470101094,21.563501441457827,0.2291666666666666,0,0.3830280601978302,27.34262983620405,1567.279533866908,57.31999969482422,0.0271729826927185,0.1392657905817031,cpis_landsat_2015_tile_000002,2015,1.0
False,-34.07009840624016,21.77144348151932,0.2083333333333333,0,0.3459753394126892,27.34262983620405,1639.4641642497252,59.96000289916992,0.0479370057582855,0.1462161689996719,cpis_landsat_2015_tile_000002,2015,1.0
False,-33.69560870427858,25.75893934911905,0.1875,0,0.3057298958301544,27.34262983620405,1629.6208008200747,59.60000228881836,0.0368963778018951,0.1839491575956344,cpis_landsat_2015_tile_000003,2015,1.0
False,-33.68946421457628,26.45294172606493,0.1666666666666666,0,0.5894708633422852,27.34262983620405,635.442711135151,23.239999771118164,0.1380198895931244,0.1555816531181335,cpis_landsat_2015_tile_000004,2015,1.0
False,-33.740883794598204,25.353727264440582,0.2083333333333333,0,0.2156753987073898,27.34262983620405,1856.017846790466,67.8800048828125,0.0244901329278945,0.1336963176727295,cpis_landsat_2015_tile_000003,2015,1.0
False,-33.836608258115064,24.88254295793205,0.2083333333333333,0,0.2338014245033264,27.34262983620405,1856.017846790466,67.8800048828125,0.0287592113018035,0.1567457020282745,cpis_landsat_2015_tile_000003,2015,1.0
False,-33.804592288230126,25.36439927633376,0.21875,0,0.4134058356285095,27.34262983620405,1603.3719012102442,58.6400032043457,0.0144122838973999,0.1045286804437637,cpis_landsat_2015_tile_000003,2015,1.0
False,-33.83208073592419,22.56569800865939,0.2291666666666666,0,0.1088073700666427,27.34262983620405,2144.755951106313,78.44000244140625,0.0304645597934722,0.170302078127861,cpis_landsat_2015_tile_000002,2015,1.0
False,-34.092735951399966,20.703921510744674,0.3333333333333333,0,0.2768311500549316,27.34262983620405,2144.755951106313,78.44000244140625,0.0128979384899139,0.1855586171150207,cpis_landsat_2015_tile_000001,2015,1.0
False,-34.04746086108034,24.900006154419668,0.1770833333333333,0,0.2286226451396942,27.34262983620405,1711.648690328687,62.60000228881836,0.0504380762577056,0.1192275285720825,cpis_landsat_2015_tile_000003,2015,1.0
False,-33.580480630624734,21.693182247387373,0.21875,0,0.4384603500366211,27.34262983620405,1531.1873751312824,56.00000381469727,0.0333943367004394,0.1507589966058731,cpis_landsat_2015_tile_000002,2015,1.0
False,-33.89352556715254,18.699151291175134,0.2604166666666667,0,0.1035084947943687,27.34262983620405,1928.202372869428,70.52000427246094,0.0923919975757598,0.1376915723085403,cpis_landsat_2015_tile_000000,2015,1.0
False,-34.03064435948488,24.67686463784438,0.21875,0,0.5921989679336548,27.34262983620405,1350.7259556300223,49.400001525878906,0.024290531873703,0.1857363134622573,cpis_landsat_2015_tile_000003,2015,1.0
False,-34.15741465185657,21.47165768598701,0.1770833333333333,0,0.347029834985733,27.34262983620405,1386.8182186695033,50.720001220703125,0.0914695858955383,0.161757230758667,cpis_landsat_2015_tile_000002,2015,1.0
False,-34.05004796962186,22.40917547460091,0.2916666666666667,0,0.1020943820476532,27.34262983620405,2072.571425027352,75.80000305175781,0.1006079614162445,0.2540718913078308,cpis_landsat_2015_tile_000002,2015,1.0
False,-34.15288719546027,21.9011242627759,0.21875,0,0.2192109823226928,27.34262983620405,1892.1101098299469,69.20000457763672,0.0374858379364013,0.1177221983671188,cpis_landsat_2015_tile_000002,2015,1.0
True,-33.6412785695772,22.160485858186348,0.1875,1,0.3940218389034271,27.34262983620405,1386.8182186695033,50.720001220703125,0.0588240027427673,0.180618017911911,cpis_landsat_2015_tile_000002,2015,0.5
False,-34.110199213682165,21.410212998684298,0.3229166666666667,0,0.2754577398300171,27.34262983620405,2180.8482141457944,79.76000213623047,0.0560011565685272,0.1575704962015152,cpis_landsat_2015_tile_000001,2015,1.0
False,-34.44652839026194,20.00345119795855,0.3020833333333333,0,0.5195609927177429,27.34262983620405,2108.6636880668325,77.12000274658203,0.0448835492134094,0.1252621412277221,cpis_landsat_2015_tile_000001,2015,1.0
False,-34.23017818987025,18.462427273821792,0.2395833333333333,0,0.1355730444192886,27.34262983620405,1856.017846790466,67.8800048828125,0.1792661547660827,0.2815048396587372,cpis_landsat_2015_tile_000000,2015,1.0
False,-34.09435291891138,22.136878171996432,0.21875,0,0.205422043800354,27.34262983620405,2036.4791619878704,74.4800033569336,0.1646578013896942,0.3635387420654297,cpis_landsat_2015_tile_000002,2015,1.0
False,-33.581774217792784,18.643204320551494,0.2291666666666666,0,0.3584855794906616,27.34262983620405,2144.755951106313,78.44000244140625,0.04652601480484,0.1807366460561752,cpis_landsat_2015_tile_000000,2015,1.0
False,-34.16129534756614,20.474312124123724,0.2604166666666667,0,0.4333439767360687,27.34262983620405,2108.6636880668325,77.12000274658203,0.0377089083194732,0.1680257320404052,cpis_landsat_2015_tile_000001,2015,1.0
False,-34.16549948941365,20.582648947388535,0.2604166666666667,0,0.3778258860111236,27.34262983620405,2180.8482141457944,79.76000213623047,0.0419017374515533,0.1518809199333191,cpis_landsat_2015_tile_000001,2015,1.0
False,-34.09499967959812,20.82131337839124,0.3229166666666667,0,0.6614871025085449,27.34262983620405,1892.1101098299469,69.20000457763672,0.0260018706321716,0.1658010780811309,cpis_landsat_2015_tile_000001,2015,1.0
False,-34.31846464231135,20.328461667752997,0.2395833333333333,0,0.2829854786396026,27.34262983620405,2180.8482141457944,79.76000213623047,0.0797465145587921,0.1752161532640457,cpis_landsat_2015_tile_000001,2015,1.0
False,-34.079153384827336,18.783233733357875,0.1770833333333333,0,0.1879106909036636,27.34262983620405,2144.755951106313,78.44000244140625,0.1128973662853241,0.2295047342777252,cpis_landsat_2015_tile_000000,2015,1.0
False,-33.78518867809314,22.296311129145217,0.21875,0,0.3747422695159912,27.34262983620405,2036.4791619878704,74.4800033569336,0.0656007528305053,0.1494549512863159,cpis_landsat_2015_tile_000002,2015,1.0
False,-34.14706608610135,21.662783261462497,0.1770833333333333,0,0.3386470377445221,27.34262983620405,1964.2946359089087,71.84000396728516,0.0765872597694397,0.1392431259155273,cpis_landsat_2015_tile_000002,2015,1.0
False,-34.084974494186255,20.78476988631543,0.2604166666666667,0,0.4346433579921722,27.34262983620405,2144.755951106313,78.44000244140625,0.0417509078979492,0.179994449019432,cpis_landsat_2015_tile_000001,2015,1.0
False,-33.70207657432424,22.563434148872084,0.1666666666666666,0,0.279913455247879,27.34262983620405,2072.571425027352,75.80000305175781,0.0838311463594436,0.1803655624389648,cpis_landsat_2015_tile_000002,2015,1.0
False,-33.5274440830914,18.72017186882353,0.21875,0,0.3798167109489441,27.34262983620405,2144.755951106313,78.44000244140625,0.0472637116909027,0.1573073714971542,cpis_landsat_2015_tile_000000,2015,1.0
False,-33.626725861974464,26.805117263210068,0.1458333333333333,0,0.0727419480681419,27.34262983620405,2180.8482141457944,79.76000213623047,0.1747604012489318,0.3607975244522095,cpis_landsat_2015_tile_000004,2015,1.0
False,-34.123781780254795,21.34391733071628,0.2916666666666667,0,0.4356836974620819,27.34262983620405,2072.571425027352,75.80000305175781,0.0581664443016052,0.1915259212255478,cpis_landsat_2015_tile_000001,2015,1.0
False,-33.37641931094577,18.642557428275605,0.2916666666666667,0,0.6566119194030762,27.34262983620405,1856.017846790466,67.8800048828125,0.0401285290718078,0.1659929752349853,cpis_landsat_2015_tile_000000,2015,1.0
False,-33.386767909598284,18.937168961491107,0.21875,0,0.1565040946006775,27.34262983620405,2072.571425027352,75.80000305175781,0.1656118929386139,0.1816902309656143,cpis_landsat_2015_tile_000000,2015,1.0
False,-33.11285359013646,18.80166713667018,0.21875,0,0.4472645819187164,27.34262983620405,2000.3868989483897,73.16000366210938,0.0582544803619384,0.1323354989290237,cpis_landsat_2015_tile_000000,2015,1.0
False,-33.462118589050775,18.72146552178616,0.2395833333333333,0,0.201403796672821,27.34262983620405,2072.571425027352,75.80000305175781,0.1548700779676437,0.1679712831974029,cpis_landsat_2015_tile_000000,2015,1.0
False,-34.20915761222186,20.34042726681421,0.3229166666666667,0,0.633248507976532,27.34262983620405,2000.3868989483897,73.16000366210938,0.0400272011756897,0.1808407753705978,cpis_landsat_2015_tile_000001,2015,1.0
False,-33.56398754226993,18.93070109144545,0.1666666666666666,0,0.2680635750293731,27.34262983620405,2180.8482141457944,79.76000213623047,0.0849750339984893,0.2063484191894531,cpis_landsat_2015_tile_000000,2015,1.0
False,-34.04713748073697,24.5691745752663,0.1979166666666666,0,0.3369571566581726,27.34262983620405,1531.1873751312824,56.00000381469727,0.0265458524227142,0.1320733577013015,cpis_landsat_2015_tile_000003,2015,1.0
False,-33.30591953402753,19.12376698599058,0.21875,0,0.461993396282196,27.34262983620405,2000.3868989483897,73.16000366210938,0.0670223832130432,0.1678131520748138,cpis_landsat_2015_tile_000000,2015,1.0
False,-33.622845166264895,18.63835341801725,0.2916666666666667,0,0.4784162938594818,27.34262983620405,2180.8482141457944,79.76000213623047,0.0493092536926269,0.1582795083522796,cpis_landsat_2015_tile_000000,2015,1.0
False,-33.34440334106083,18.60375020800164,0.3020833333333333,0,0.709132969379425,27.34262983620405,1744.4598669929028,63.80000305175781,0.057974636554718,0.142659530043602,cpis_landsat_2015_tile_000000,2015,1.0
False,-34.36470993945565,20.457172373774046,0.2395833333333333,0,0.4691023528575897,27.34262983620405,2108.6636880668325,77.12000274658203,0.0558823645114898,0.1908206790685653,cpis_landsat_2015_tile_000001,2015,1.0
False,-34.174877848344195,20.209452898389586,0.2916666666666667,0,0.6093050241470337,27.34262983620405,2000.3868989483897,73.16000366210938,0.0375221967697143,0.146746352314949,cpis_landsat_2015_tile_000001,2015,1.0
False,-34.4529962603076,20.023825014920213,0.28125,0,0.5339244604110718,27.34262983620405,2144.755951106313,78.44000244140625,0.0284867286682128,0.1297297030687332,cpis_landsat_2015_tile_000001,2015,1.0
False,-34.32266878415886,20.527672052000423,0.25,0,0.4696900248527527,27.34262983620405,2108.6636880668325,77.12000274658203,0.0574861466884613,0.1457609385251999,cpis_landsat_2015_tile_000001,2015,1.0
False,-33.35766249439281,18.578202173956942,0.2604166666666667,0,0.6675564050674438,27.34262983620405,1567.279533866908,57.31999969482422,0.0881884694099426,0.1613042205572128,cpis_landsat_2015_tile_000000,2015,1.0
False,-33.59503333822747,18.750247490853685,0.2083333333333333,0,0.1361962705850601,27.34262983620405,2108.6636880668325,77.12000274658203,0.0818352997303009,0.1593174636363983,cpis_landsat_2015_tile_000000,2015,1.0
False,-33.415549911563105,27.25075346987933,0.1458333333333333,0,0.1072079911828041,27.34262983620405,2072.571425027352,75.80000305175781,0.1414560675621032,0.2647789716720581,cpis_landsat_2015_tile_000004,2015,1.0
False,-33.67167757195072,26.69419326560916,0.2083333333333333,0,0.086616925895214,27.34262983620405,2180.8482141457944,79.76000213623047,0.1828265190124511,0.4173228144645691,cpis_landsat_2015_tile_000004,2015,1.0
False,-33.54781786715578,27.034403269487647,0.1458333333333333,0,0.1323747783899307,27.34262983620405,1531.1873751312824,56.00000381469727,0.2267617881298065,0.3374629914760589,cpis_landsat_2015_tile_000004,2015,1.0
False,-34.17390777310867,20.456848927636106,0.3229166666666667,0,0.4592272937297821,27.34262983620405,2108.6636880668325,77.12000274658203,0.0059609115123748,0.1555007547140121,cpis_landsat_2015_tile_000001,2015,1.0
False,-34.119254192269345,19.697197544717067,0.2604166666666667,1,0.2688741385936737,27.34262983620405,2144.755951106313,78.44000244140625,0.0494225621223449,0.168144404888153,cpis_landsat_2015_tile_000001,2015,1.0
False,-33.161362615478915,19.003788075597072,0.2916666666666667,0,0.4563041031360626,27.34262983620405,2072.571425027352,75.80000305175781,0.0008206367492675,0.1440787017345428,cpis_landsat_2015_tile_000000,2015,1.0
False,-33.52776746343477,18.816219844272915,0.1770833333333333,0,0.2870417237281799,27.34262983620405,1783.833320711504,65.24000549316406,0.0937605500221252,0.1869224309921264,cpis_landsat_2015_tile_000000,2015,1.0
False,-34.152563749322326,21.6430562545335,0.3020833333333333,0,0.402986079454422,27.34262983620405,2000.3868989483897,73.16000366210938,0.0446418225765228,0.1544643193483352,cpis_landsat_2015_tile_000002,2015,1.0
False,-34.072685514781675,22.04762151273065,0.2291666666666666,0,0.2192780673503875,27.34262983620405,2144.755951106313,78.44000244140625,0.0472435653209686,0.1182567551732063,cpis_landsat_2015_tile_000002,2015,1.0
False,-34.017061858706825,18.548126551926792,0.2291666666666666,0,0.2670801877975464,27.34262983620405,2108.6636880668325,77.12000274658203,0.0408950746059417,0.1359879970550537,cpis_landsat_2015_tile_000000,2015,1.0
False,-34.04455030640088,21.554123033181348,0.2291666666666666,0,0.254321426153183,27.34262983620405,2000.3868989483897,73.16000366210938,0.0713523030281066,0.138052225112915,cpis_landsat_2015_tile_000002,2015,1.0
False,-34.0180320655315,21.68315704552687,0.2395833333333333,0,0.2211600691080093,27.34262983620405,2036.4791619878704,74.4800033569336,0.0801792293787002,0.1364870220422744,cpis_landsat_2015_tile_000002,2015,1.0
False,-33.61379012188314,22.30730652138176,0.2291666666666666,0,0.2450108081102371,27.34262983620405,2144.755951106313,78.44000244140625,0.0434090793132782,0.1374741196632385,cpis_landsat_2015_tile_000002,2015,1.0
False,-34.1745545337954,20.48530758215484,0.2916666666666667,0,0.2238533794879913,27.34262983620405,2000.3868989483897,73.16000366210938,0.11515873670578,0.1534088402986526,cpis_landsat_2015_tile_000001,2015,1.0
False,-33.52356335448455,18.6312386556957,0.25,1,0.4237183332443237,27.34262983620405,2000.3868989483897,73.16000366210938,0.0290169715881347,0.1673008203506469,cpis_landsat_2015_tile_000000,2015,1.0
False,-34.32848976192863,19.79065828003577,0.2916666666666667,0,0.4518400132656097,27.34262983620405,2108.6636880668325,77.12000274658203,0.0317776203155517,0.1370580792427063,cpis_landsat_2015_tile_000001,2015,1.0
False,-34.09985058213236,21.326777448777445,0.2395833333333333,0,0.2684973180294037,27.34262983620405,2072.571425027352,75.80000305175781,0.0722796916961669,0.1760432422161102,cpis_landsat_2015_tile_000001,2015,1.0
False,-33.77872080804748,22.66497978754245,0.1770833333333333,0,0.1290764957666397,27.34262983620405,2180.8482141457944,79.76000213623047,0.076183944940567,0.1686679571866989,cpis_landsat_2015_tile_000002,2015,1.0
False,-34.19913236101542,19.386092997165655,0.3229166666666667,0,0.584622859954834,27.34262983620405,1964.2946359089087,71.84000396728516,0.0074342489242553,0.1504034698009491,cpis_landsat_2015_tile_000001,2015,1.0
False,-34.189754002084875,21.497529166169656,0.2083333333333333,0,0.2169113755226135,27.34262983620405,2180.8482141457944,79.76000213623047,0.0586271733045578,0.1589497327804565,cpis_landsat_2015_tile_000002,2015,1.0
False,-33.10735590224251,18.911297481308463,0.2604166666666667,0,0.2263400703668594,27.34262983620405,2144.755951106313,78.44000244140625,0.0862971544265747,0.1593207269906997,cpis_landsat_2015_tile_000000,2015,1.0
False,-33.767725481605524,18.72146552178616,0.2083333333333333,0,0.2903953492641449,27.34262983620405,2000.3868989483897,73.16000366210938,0.0804166793823242,0.1974088102579116,cpis_landsat_2015_tile_000000,2015,1.0
False,-34.25119876751865,21.785349395538034,0.2708333333333333,0,0.3973509967327118,27.34262983620405,2180.8482141457944,79.76000213623047,0.0168803334236145,0.1553262770175933,cpis_landsat_2015_tile_000002,2015,1.0
False,-33.23768348530744,19.16095723875313,0.2291666666666666,0,0.3093830645084381,27.34262983620405,2144.755951106313,78.44000244140625,0.04727303981781,0.1600224375724792,cpis_landsat_2015_tile_000000,2015,1.0
False,-34.14512567245198,20.25796192373204,0.28125,0,0.399494469165802,27.34262983620405,2108.6636880668325,77.12000274658203,0.0359167456626892,0.121287778019905,cpis_landsat_2015_tile_000001,2015,1.0
False,-33.68914083423292,18.751217697678364,0.1979166666666666,0,0.2181989252567291,27.34262983620405,2144.755951106313,78.44000244140625,0.0753891468048095,0.1716617792844772,cpis_landsat_2015_tile_000000,2015,1.0
False,-33.25320638328621,19.241805614323887,0.21875,0,0.3180490434169769,27.34262983620405,2108.6636880668325,77.12000274658203,0.0494775772094726,0.141668289899826,cpis_landsat_2015_tile_000000,2015,1.0
False,-34.086268081354305,21.506584185878445,0.21875,0,0.3196536004543304,27.34262983620405,2108.6636880668325,77.12000274658203,0.048447847366333,0.1360034644603729,cpis_landsat_2015_tile_000002,2015,1.0
False,-34.164529282588965,21.272447314076068,0.2395833333333333,0,0.3254416286945343,27.34262983620405,2108.6636880668325,77.12000274658203,0.062280923128128,0.1562651246786117,cpis_landsat_2015_tile_000001,2015,1.0
False,-34.090148777063874,20.92156536409898,0.2916666666666667,0,0.480884850025177,27.34262983620405,2108.6636880668325,77.12000274658203,0.0233063995838165,0.1559628397226333,cpis_landsat_2015_tile_000001,2015,1.0
False,-33.12223200663726,18.439142967975243,0.25,0,0.4688623547554016,27.34262983620405,2000.3868989483897,73.16000366210938,0.0158294737339019,0.1781972795724868,cpis_landsat_2015_tile_000000,2015,1.0
False,-33.47958185133297,21.476831983257192,0.21875,0,0.1268499046564102,27.34262983620405,1856.017846790466,67.8800048828125,0.0403262376785278,0.1169982478022575,cpis_landsat_2015_tile_000002,2015,1.0
False,-34.031937946652924,21.32936462311354,0.2395833333333333,0,0.1608919352293014,27.34262983620405,2072.571425027352,75.80000305175781,0.0695559680461883,0.1419139504432678,cpis_landsat_2015_tile_000001,2015,1.0
False,-33.998305009256576,22.619704697222826,0.21875,0,0.1011863499879837,27.34262983620405,1856.017846790466,67.8800048828125,0.0971510410308837,0.3484677076339721,cpis_landsat_2015_tile_000002,2015,1.0
False,-33.81041339758905,25.372807428439625,0.2083333333333333,0,0.2007271200418472,27.34262983620405,989.8032209313578,36.20000076293945,0.0341906994581222,0.1171172559261322,cpis_landsat_2015_tile_000003,2015,1.0
False,-33.80620925574154,25.38250923350812,0.25,0,0.1173403859138488,27.34262983620405,1061.987851314175,38.84000396728516,0.0736004114151001,0.1185556501150131,cpis_landsat_2015_tile_000003,2015,1.0
False,-33.77484011233792,23.49383736021168,0.25,0,0.1713456362485885,27.34262983620405,1206.3567991682437,44.119998931884766,0.0177357941865921,0.0965955704450607,cpis_landsat_2015_tile_000002,2015,1.0
False,-33.861832977610966,25.52480237451265,0.2604166666666667,0,0.1627957671880722,27.34262983620405,1350.7259556300223,49.400001525878906,0.0041249394416809,0.1389527767896652,cpis_landsat_2015_tile_000003,2015,1.0
False,-33.70466374866033,26.64018657704572,0.2291666666666666,0,0.092096634209156,27.34262983620405,1098.0800100498006,40.15999984741211,0.1360873579978943,0.4244586229324341,cpis_landsat_2015_tile_000004,2015,1.0
False,-33.274226960934605,27.46807400868485,0.21875,0,0.1135690882802009,27.34262983620405,1150.5779135733171,42.08000183105469,0.0545995533466339,0.1520751863718032,cpis_landsat_2015_tile_000004,2015,1.0
False,-33.39808668217819,25.352757057615907,0.2291666666666666,0,0.1866864413022995,27.34262983620405,1134.1722730892816,41.47999954223633,0.0310823321342468,0.1380716264247894,cpis_landsat_2015_tile_000003,2015,1.0
True,-33.80556249505481,24.86281590165712,0.3854166666666667,1,0.3959487676620483,27.34262983620405,773.2495905425446,28.280000686645508,0.1091178357601165,0.1851780414581298,cpis_landsat_2015_tile_000003,2015,0.5
False,-33.57271917341102,21.70029689456841,0.3229166666666667,0,0.3449846506118774,27.34262983620405,1170.2646404326176,42.80000305175781,0.0098975002765655,0.14206063747406,cpis_landsat_2015_tile_000002,2015,1.0
False,-33.54361375820555,25.686822571792103,0.2291666666666666,0,0.2370883226394653,27.34262983620405,1134.1722730892816,41.47999954223633,0.0181481540203094,0.1138842105865478,cpis_landsat_2015_tile_000003,2015,1.0
False,-33.649363407134274,22.132027269462185,0.3541666666666667,0,0.2515880465507507,27.34262983620405,1350.7259556300223,49.400001525878906,0.0255962908267974,0.1344150155782699,cpis_landsat_2015_tile_000002,2015,1.0
False,-33.929745613090404,25.008666423822422,0.2291666666666666,0,0.2367526590824127,27.34262983620405,1098.0800100498006,40.15999984741211,0.0368491262197494,0.1350038051605224,cpis_landsat_2015_tile_000003,2015,1.0
False,-33.76158099190323,25.34984656873102,0.2291666666666666,0,0.3234805762767792,27.34262983620405,1058.7066606350547,38.720001220703125,0.0098976790904998,0.1162770017981529,cpis_landsat_2015_tile_000003,2015,1.0
False,-33.85568848790868,23.93629348471896,0.2083333333333333,0,0.1988377124071121,27.34262983620405,1206.3567991682437,44.119998931884766,0.0193246901035308,0.1224928349256515,cpis_landsat_2015_tile_000003,2015,1.0
False,-33.459531447611965,25.54743991967246,0.1875,0,0.1147474125027656,27.34262983620405,1170.2646404326176,42.80000305175781,0.056457981467247,0.1429340988397598,cpis_landsat_2015_tile_000003,2015,1.0
False,-33.840489019619206,23.887784459376505,0.2395833333333333,0,0.2859152555465698,27.34262983620405,1134.1722730892816,41.47999954223633,0.0140203237533569,0.1129296198487281,cpis_landsat_2015_tile_000003,2015,1.0
False,-33.7978010378411,25.60468067484788,0.2395833333333333,0,0.1463388800621032,27.34262983620405,1350.7259556300223,49.400001525878906,0.0163962095975875,0.0929294303059578,cpis_landsat_2015_tile_000003,2015,1.0
False,-33.80168179934524,25.467238436377592,0.2083333333333333,0,0.2230560332536697,27.34262983620405,1134.1722730892816,41.47999954223633,0.0290239155292511,0.1129089742898941,cpis_landsat_2015_tile_000003,2015,1.0
False,-33.843399574298665,23.876465670347955,0.21875,0,0.2113310396671295,27.34262983620405,1134.1722730892816,41.47999954223633,0.0425250530242919,0.1224857717752456,cpis_landsat_2015_tile_000003,2015,1.0
False,-34.10922900685748,24.76612129711016,0.1979166666666666,0,0.215454876422882,27.34262983620405,1206.3567991682437,44.119998931884766,0.0232967138290405,0.1460998505353927,cpis_landsat_2015_tile_000003,2015,1.0
False,-33.59115257672333,22.211258677521528,0.2291666666666666,0,0.1269563287496566,27.34262983620405,1314.6336925905414,48.08000183105469,0.0434452593326568,0.1050382554531097,cpis_landsat_2015_tile_000002,2015,1.0
False,-34.05457549181274,24.770325307368516,0.1979166666666666,0,0.18313068151474,27.34262983620405,1239.1679758324592,45.31999969482422,0.0429134368896484,0.179252952337265,cpis_landsat_2015_tile_000003,2015,1.0
False,-33.651950581470366,22.162749652179077,0.28125,0,0.2260516881942749,27.34262983620405,1459.0027447484651,53.36000061035156,0.0096687376499176,0.1621739566326141,cpis_landsat_2015_tile_000002,2015,1.0
False,-34.10567169149129,24.71243792309551,0.2291666666666666,0,0.3948492407798767,27.34262983620405,1055.4255742597898,38.60000228881836,0.0020406544208526,0.1034343615174293,cpis_landsat_2015_tile_000003,2015,1.0
False,-33.42880906489508,25.47661679530814,0.2291666666666666,0,0.2329138815402984,27.34262983620405,1350.7259556300223,49.400001525878906,0.0010237395763397,0.1108674332499504,cpis_landsat_2015_tile_000003,2015,1.0
False,-33.746058077475816,24.77000199281972,0.2395833333333333,0,0.1477416604757309,27.34262983620405,1531.1873751312824,56.00000381469727,0.0138367414474487,0.1843342334032058,cpis_landsat_2015_tile_000003,2015,1.0
False,-33.74541131678908,25.32171136035023,0.2395833333333333,0,0.4590423703193664,27.34262983620405,950.429871516612,34.76000213623047,0.0100578963756561,0.1249575018882751,cpis_landsat_2015_tile_000003,2015,1.0
False,-33.47667129665351,25.579132509214027,0.21875,0,0.169445589184761,27.34262983620405,1130.8911867140166,41.36000061035156,0.0171505063772201,0.1248233839869499,cpis_landsat_2015_tile_000003,2015,1.0
False,-33.87670906555707,25.552937714482592,0.2916666666666667,0,0.0903062373399734,27.34262983620405,1170.2646404326176,42.80000305175781,0.0747755616903305,0.1598260700702667,cpis_landsat_2015_tile_000003,2015,1.0
False,-33.64645291824939,26.655062664991828,0.1875,0,0.0961355790495872,27.34262983620405,904.4942450474806,33.08000183105469,0.0835207551717758,0.1607576161623001,cpis_landsat_2015_tile_000004,2015,1.0
False,-33.573689380235706,26.71230335437267,0.1979166666666666,0,0.2738361358642578,27.34262983620405,684.6594761314748,25.040000915527344,0.0664123892784118,0.1568499654531479,cpis_landsat_2015_tile_000004,2015,1.0
False,-34.12669226913968,21.710645493220927,0.2291666666666666,0,0.1867607831954956,27.34262983620405,1819.9253751432743,66.55999755859375,0.0311955511569976,0.1339453756809234,cpis_landsat_2015_tile_000002,2015,1.0
False,-33.40811186759005,26.44097619279829,0.2604166666666667,0,0.0905260071158409,27.34262983620405,645.2860745648012,23.600000381469727,0.0422718524932861,0.1317965686321258,cpis_landsat_2015_tile_000004,2015,1.0
False,-33.81235374544384,25.58074947672544,0.34375,0,0.0947727411985397,27.34262983620405,881.526431812915,32.2400016784668,0.0148823112249374,0.0870915874838829,cpis_landsat_2015_tile_000003,2015,1.0
False,-33.65647810366124,26.58909037736717,0.2916666666666667,0,0.1493294686079025,27.34262983620405,625.5993998574282,22.880001068115234,0.0585462749004364,0.1652669161558151,cpis_landsat_2015_tile_000004,2015,1.0
False,-33.865713673320535,25.54194225645148,0.3125,0,0.1934085488319397,27.34262983620405,809.3418535820256,29.600000381469727,0.0041368156671524,0.1396490037441253,cpis_landsat_2015_tile_000003,2015,1.0
False,-33.53358853989641,27.03472671562559,0.1979166666666666,0,0.1502678990364074,27.34262983620405,609.1938115253203,22.280000686645508,0.0488434135913848,0.1762475967407226,cpis_landsat_2015_tile_000004,2015,1.0
False,-33.70725085720185,25.963970727584893,0.2708333333333333,0,0.0441256910562515,27.34262983620405,953.7109578918768,34.880001068115234,0.081431359052658,0.3531069755554199,cpis_landsat_2015_tile_000004,2015,1.0
False,-33.86377332546575,25.534180865032347,0.28125,0,0.2182682752609253,27.34262983620405,845.4341687734341,30.920001983642575,0.0045865774154663,0.1309128254652023,cpis_landsat_2015_tile_000003,2015,1.0
True,-33.79747765749773,24.860228727321022,0.4375,0,0.3267913460731506,27.34262983620405,701.0650644635828,25.64000129699707,0.081564575433731,0.192576453089714,cpis_landsat_2015_tile_000003,2015,0.5
False,-33.70595727003381,25.995016507093798,0.2708333333333333,0,0.0666164681315422,27.34262983620405,1061.987851314175,38.84000396728516,0.077384203672409,0.3709942996501922,cpis_landsat_2015_tile_000004,2015,1.0
False,-33.73085860918634,26.58068215946673,0.3020833333333333,0,0.1889241635799408,27.34262983620405,809.3418535820256,29.600000381469727,0.099164068698883,0.3498663306236267,cpis_landsat_2015_tile_000004,2015,1.0
False,-33.87541547838902,25.523508853139177,0.2083333333333333,0,0.1221125423908233,27.34262983620405,953.7109578918768,34.880001068115234,0.0217365026473999,0.1750351935625076,cpis_landsat_2015_tile_000003,2015,1.0
False,-33.56269395510188,25.681324908571124,0.2395833333333333,0,0.1348449736833572,27.34262983620405,953.7109578918768,34.880001068115234,0.0208199173212051,0.1115232035517692,cpis_landsat_2015_tile_000003,2015,1.0
False,-33.77710384053607,25.68326519063133,0.1979166666666666,0,0.2123917937278747,27.34262983620405,1239.1679758324592,45.31999969482422,0.0285396575927734,0.1237636283040046,cpis_landsat_2015_tile_000003,2015,1.0
False,-33.59632692539552,25.979493625563663,0.25,0,0.2603541016578674,27.34262983620405,691.2217010339324,25.280000686645508,0.0373707562685012,0.1149325966835022,cpis_landsat_2015_tile_000004,2015,1.0
False,-33.83854860596985,23.89586929693358,0.25,0,0.2420373111963272,27.34262983620405,881.526431812915,32.2400016784668,0.0068188905715942,0.1228460967540741,cpis_landsat_2015_tile_000003,2015,1.0
False,-33.76513830726943,25.381539158272588,0.3333333333333333,0,0.1600723415613174,27.34262983620405,1206.3567991682437,44.119998931884766,0.0019818246364593,0.1077782437205314,cpis_landsat_2015_tile_000003,2015,1.0
False,-33.76707865512421,24.79522671231563,0.2395833333333333,0,0.1099914386868476,27.34262983620405,1098.0800100498006,40.15999984741211,0.0256369411945343,0.1806516051292419,cpis_landsat_2015_tile_000003,2015,1.0
False,-33.74993883897996,25.389623995829663,0.2395833333333333,0,0.169422298669815,27.34262983620405,989.8032209313578,36.20000076293945,0.0192449539899826,0.0999263674020767,cpis_landsat_2015_tile_000003,2015,1.0
False,-33.85310137936716,25.505398764375663,0.2291666666666666,0,0.2126840353012085,27.34262983620405,881.526431812915,32.2400016784668,0.0293820202350616,0.1048070341348648,cpis_landsat_2015_tile_000003,2015,1.0
False,-33.865713673320535,25.506045656651555,0.3333333333333333,0,0.1378507167100906,27.34262983620405,1314.6336925905414,48.08000183105469,0.0041233301162719,0.1003711000084877,cpis_landsat_2015_tile_000003,2015,1.0
False,-33.77192955765846,24.818834332710967,0.2395833333333333,0,0.1161434948444366,27.34262983620405,1098.0800100498006,40.15999984741211,0.046504408121109,0.1846835613250732,cpis_landsat_2015_tile_000003,2015,1.0
False,-33.892555360327854,25.552290822206704,0.3125,0,0.2081229388713836,27.34262983620405,1242.4491665115795,45.44000244140625,0.005554974079132,0.1638581156730651,cpis_landsat_2015_tile_000003,2015,1.0
False,-33.09765409717402,25.922899762664137,0.1979166666666666,0,0.1707449406385421,27.34262983620405,783.0929539721949,28.64000129699707,0.0662262886762619,0.1152249202132225,cpis_landsat_2015_tile_000004,2015,1.0
False,-33.53714588815989,26.788624207752548,0.1666666666666666,0,0.0915779322385788,27.34262983620405,743.7195524055213,27.200000762939453,0.1359650641679763,0.3112935423851013,cpis_landsat_2015_tile_000004,2015,1.0
False,-33.819144995832865,25.383156125784005,0.3020833333333333,0,0.3530879616737366,27.34262983620405,917.6185905485409,33.55999755859375,0.0088598728179931,0.1090682297945022,cpis_landsat_2015_tile_000003,2015,1.0
False,-33.88867466461829,24.970182518097253,0.28125,0,0.1906982362270355,27.34262983620405,1242.4491665115795,45.44000244140625,0.0016759634017944,0.1569636762142181,cpis_landsat_2015_tile_000003,2015,1.0
False,-33.58209759813615,26.038998026694014,0.1875,0,0.1390222012996673,27.34262983620405,865.120843480807,31.64000129699707,0.0686455368995666,0.1407933682203292,cpis_landsat_2015_tile_000004,2015,1.0
False,-33.75640670902562,25.37830522324976,0.21875,0,0.1545980423688888,27.34262983620405,917.6185905485409,33.55999755859375,0.0144305378198623,0.1087385565042495,cpis_landsat_2015_tile_000003,2015,1.0
False,-34.1328366930474,21.48103609837565,0.2291666666666666,0,0.294967770576477,27.34262983620405,1206.3567991682437,44.119998931884766,0.030156135559082,0.1619632989168167,cpis_landsat_2015_tile_000002,2015,1.0
False,-33.909695242266686,24.945928005426023,0.3229166666666667,1,0.2644309401512146,27.34262983620405,881.526431812915,32.2400016784668,0.1022544205188751,0.1896700859069824,cpis_landsat_2015_tile_000003,2015,1.0
False,-33.66456294121832,26.192933337070464,0.21875,0,0.6114246249198914,27.34262983620405,622.3182613302356,22.76000022888184,0.0368425846099853,0.1710606515407562,cpis_landsat_2015_tile_000004,2015,1.0
False,-33.66747349589779,22.68729388656432,0.28125,0,0.1669661104679107,27.34262983620405,1783.833320711504,65.24000549316406,0.0020197927951812,0.0905475541949272,cpis_landsat_2015_tile_000002,2015,1.0
False,-33.90646130724386,25.54388267010084,0.2395833333333333,0,0.1133848279714584,27.34262983620405,1675.556427289206,61.28000259399414,0.0425851345062255,0.1436922550201416,cpis_landsat_2015_tile_000003,2015,1.0
False,-33.9892500306694,22.156928542820147,0.2395833333333333,0,0.1016431525349617,27.34262983620405,1747.7409533681678,63.92000198364258,0.0210375636816024,0.0946110486984252,cpis_landsat_2015_tile_000002,2015,1.0
False,-33.48960703674483,25.60177005437384,0.21875,0,0.2539224326610565,27.34262983620405,1531.1873751312824,56.00000381469727,0.0119127333164215,0.1355840265750885,cpis_landsat_2015_tile_000003,2015,1.0
False,-33.81591106081003,22.56084710612514,0.21875,0,0.4751590490341186,27.34262983620405,1061.987851314175,38.84000396728516,0.0350115001201629,0.1510542035102844,cpis_landsat_2015_tile_000002,2015,1.0
False,-33.51256796224801,25.667742407793067,0.28125,0,0.3653184473514557,27.34262983620405,1495.0951120918014,54.68000411987305,0.0092944502830505,0.1571075767278671,cpis_landsat_2015_tile_000003,2015,1.0
False,-34.172937566283984,21.51337544860396,0.1875,0,0.1669974327087402,27.34262983620405,1422.9104817089842,52.040000915527344,0.0641393363475799,0.1386026889085769,cpis_landsat_2015_tile_000002,2015,1.0
False,-33.75446629537626,26.521177741887737,0.1666666666666666,0,0.10189750790596,27.34262983620405,1711.648690328687,62.60000228881836,0.0687344372272491,0.3834703266620636,cpis_landsat_2015_tile_000004,2015,1.0
False,-33.494134558935706,25.626024567045064,0.1979166666666666,0,0.1720418334007263,27.34262983620405,1603.3719012102442,58.6400032043457,0.0322891771793365,0.1610011756420135,cpis_landsat_2015_tile_000003,2015,1.0
False,-34.1842563388639,21.536336390555785,0.2291666666666666,0,0.1123465523123741,27.34262983620405,1386.8182186695033,50.720001220703125,0.1144455969333648,0.1490470319986343,cpis_landsat_2015_tile_000002,2015,1.0
False,-34.12442854094154,18.451108501241883,0.1875,0,0.1141230165958404,27.34262983620405,1711.648690328687,62.60000228881836,0.0516251921653747,0.2511758804321289,cpis_landsat_2015_tile_000000,2015,1.0
False,-33.79327351565022,25.335293861128285,0.21875,0,0.4163827896118164,27.34262983620405,1206.3567991682437,44.119998931884766,0.0314541906118392,0.108898676931858,cpis_landsat_2015_tile_000003,2015,1.0
False,-33.99377755286027,21.899830708505142,0.21875,0,0.109969861805439,27.34262983620405,1747.7409533681678,63.92000198364258,0.0462925732135772,0.1486431658267974,cpis_landsat_2015_tile_000002,2015,1.0
False,-34.104701484666606,24.74283685967445,0.2291666666666666,0,0.2893770933151245,27.34262983620405,1422.9104817089842,52.040000915527344,0.0241550505161285,0.1412494033575058,cpis_landsat_2015_tile_000003,2015,1.0
False,-33.864420151947066,25.49407999179576,0.2291666666666666,0,0.2722168266773224,27.34262983620405,1531.1873751312824,56.00000381469727,0.025221437215805,0.0906860157847404,cpis_landsat_2015_tile_000003,2015,1.0
False,-34.04002278421,24.508053190175893,0.21875,0,0.363254576921463,27.34262983620405,1495.0951120918014,54.68000411987305,0.0075462162494659,0.1297697871923446,cpis_landsat_2015_tile_000003,2015,1.0
False,-33.83046376841277,22.528507690102263,0.21875,0,0.2615971863269806,27.34262983620405,1639.4641642497252,59.96000289916992,0.0277235507965087,0.1649989038705825,cpis_landsat_2015_tile_000002,2015,1.0
False,-33.94850246254065,22.263971778916915,0.2083333333333333,1,0.338897705078125,27.34262983620405,1422.9104817089842,52.040000915527344,0.0409759879112243,0.1581486612558365,cpis_landsat_2015_tile_000002,2015,1.0
False,-34.083357526674845,21.742014653073195,0.2395833333333333,0,0.3365848958492279,27.34262983620405,1531.1873751312824,56.00000381469727,0.0254756808280944,0.1289355903863906,cpis_landsat_2015_tile_000002,2015,1.0
False,-33.99345410672233,22.200910045971725,0.21875,0,0.104678213596344,27.34262983620405,1819.9253751432743,66.55999755859375,0.0514870136976242,0.1612032055854797,cpis_landsat_2015_tile_000002,2015,1.0
False,-33.30850667546633,27.442849289188946,0.15625,0,0.1283364742994308,27.34262983620405,1459.0027447484651,53.36000061035156,0.1339573413133621,0.3300037086009979,cpis_landsat_2015_tile_000004,2015,1.0
False,-33.39711647535351,18.90224243692671,0.2604166666666667,0,0.364832729101181,27.34262983620405,1639.4641642497252,59.96000289916992,0.0089545547962188,0.1526657342910766,cpis_landsat_2015_tile_000000,2015,1.0
False,-33.83596149742833,25.554231235856065,0.28125,0,0.2132744938135147,27.34262983620405,1928.202372869428,70.52000427246094,0.0091032981872558,0.1332563310861587,cpis_landsat_2015_tile_000003,2015,1.0
False,-34.07074516692689,24.6471123961576,0.21875,0,0.3479679524898529,27.34262983620405,1603.3719012102442,58.6400032043457,0.0086237490177154,0.1493377685546875,cpis_landsat_2015_tile_000003,2015,1.0
False,-33.825612865878526,24.861198934145705,0.2708333333333333,0,0.3426944315433502,27.34262983620405,1350.7259556300223,49.400001525878906,0.0011284351348876,0.1819984763860702,cpis_landsat_2015_tile_000003,2015,1.0
False,-33.624138753432945,22.085135211631147,0.2395833333333333,0,0.20309579372406,27.34262983620405,1856.017846790466,67.8800048828125,0.0143114626407623,0.1201977431774139,cpis_landsat_2015_tile_000002,2015,1.0
False,-33.517742278022915,25.64704514469346,0.1770833333333333,0,0.3212541341781616,27.34262983620405,1278.5414295510604,46.76000213623047,0.0697305649518966,0.1070257648825645,cpis_landsat_2015_tile_000003,2015,1.0
False,-34.08950201637714,21.75883112177137,0.2916666666666667,0,0.4302254617214203,27.34262983620405,1639.4641642497252,59.96000289916992,0.003425121307373,0.1512117385864257,cpis_landsat_2015_tile_000002,2015,1.0
False,-34.0646006772246,24.74510071946176,0.21875,1,0.2309398502111435,27.34262983620405,1675.556427289206,61.28000259399414,0.0234672427177429,0.1619212180376052,cpis_landsat_2015_tile_000003,2015,1.0
False,-34.00477287930224,18.74830720879348,0.2708333333333333,0,0.2139943093061447,27.34262983620405,1711.648690328687,62.60000228881836,0.005383163690567,0.150660827755928,cpis_landsat_2015_tile_000000,2015,1.0
False,-33.50027901574072,25.641870927610427,0.1875,0,0.2282939553260803,27.34262983620405,1603.3719012102442,58.6400032043457,0.0454970151185989,0.1574162244796753,cpis_landsat_2015_tile_000003,2015,1.0
False,-34.086268081354305,24.761917155262648,0.1979166666666666,1,0.392359584569931,27.34262983620405,1098.0800100498006,40.15999984741211,0.0406750440597534,0.1461067795753479,cpis_landsat_2015_tile_000003,2015,1.0
False,-33.533911953137064,25.678414288097084,0.1770833333333333,0,0.1440110355615615,27.34262983620405,1422.9104817089842,52.040000915527344,0.053737998008728,0.1297071874141693,cpis_landsat_2015_tile_000003,2015,1.0
False,-33.792626754963486,25.40126608295836,0.2604166666666667,0,0.2378907948732376,27.34262983620405,1422.9104817089842,52.040000915527344,0.0097922384738922,0.1156075298786163,cpis_landsat_2015_tile_000003,2015,1.0
False,-33.47246718770329,19.650628900126684,0.3645833333333333,0,0.1928539872169494,27.34262983620405,1711.648690328687,62.60000228881836,0.0089275240898132,0.1311395466327667,cpis_landsat_2015_tile_000001,2015,1.0
False,-33.687847247064866,24.458897404146704,0.1770833333333333,0,0.1348277032375335,27.34262983620405,1196.5135400424483,43.76000213623047,0.0916117578744888,0.2018819898366928,cpis_landsat_2015_tile_000003,2015,1.0
False,-33.62316854660826,25.722719303181183,0.1666666666666666,0,0.2549212574958801,27.34262983620405,989.8032209313578,36.20000076293945,0.0830609798431396,0.1842177659273147,cpis_landsat_2015_tile_000003,2015,1.0
False,-33.99895183573789,24.600867164807863,0.1979166666666666,0,0.1642263829708099,27.34262983620405,1350.7259556300223,49.400001525878906,0.0410017669200897,0.1376389414072036,cpis_landsat_2015_tile_000003,2015,1.0
False,-33.42557512987225,27.245579252796297,0.125,0,0.1184058487415313,27.34262983620405,914.337608477131,33.44000244140625,0.150529146194458,0.2495927959680557,cpis_landsat_2015_tile_000004,2015,1.0
False,-33.80685608222285,25.585600379259688,0.2083333333333333,0,0.1534772664308548,27.34262983620405,1422.9104817089842,52.040000915527344,0.0254966169595718,0.0970818623900413,cpis_landsat_2015_tile_000003,2015,1.0
False,-33.5361757142325,22.244244788436568,0.2708333333333333,0,0.3895159661769867,27.34262983620405,1278.5414295510604,46.76000213623047,0.0074381232261657,0.1729117929935455,cpis_landsat_2015_tile_000002,2015,1.0
False,-33.71404210759088,25.898645241768588,0.1458333333333333,0,0.1263324171304702,27.34262983620405,1459.0027447484651,53.36000061035156,0.0686637163162231,0.4014158546924591,cpis_landsat_2015_tile_000004,2015,1.0
False,-33.527120669850746,25.692966995699823,0.21875,0,0.1643438190221786,27.34262983620405,1459.0027447484651,53.36000061035156,0.030051052570343,0.11915323138237,cpis_landsat_2015_tile_000003,2015,1.0
False,-33.5012491896681,27.13045111334788,0.1354166666666666,0,0.1580989509820938,27.34262983620405,878.24534543765,32.12000274658203,0.1639834940433502,0.276643693447113,cpis_landsat_2015_tile_000004,2015,1.0
False,-33.61508370905119,25.700728518708107,0.1770833333333333,0,0.1455634534358978,27.34262983620405,1308.0715198400114,47.84000396728516,0.0738399177789688,0.1757001429796219,cpis_landsat_2015_tile_000003,2015,1.0
False,-33.475377709485464,25.60597419622135,0.21875,0,0.3569181561470032,27.34262983620405,1170.2646404326176,42.80000305175781,0.025202453136444,0.1090701147913932,cpis_landsat_2015_tile_000003,2015,1.0
False,-33.8265830727032,25.600476533000368,0.2395833333333333,0,0.2915069460868835,27.34262983620405,1314.6336925905414,48.08000183105469,0.0076160728931427,0.1079175174236297,cpis_landsat_2015_tile_000003,2015,1.0
False,-33.91163559012147,25.571047671656952,0.2083333333333333,0,0.2585237324237823,27.34262983620405,1314.6336925905414,48.08000183105469,0.0281654447317123,0.1097799018025398,cpis_landsat_2015_tile_000003,2015,1.0
False,-34.04552051322556,24.62706202533388,0.1979166666666666,0,0.1238065809011459,27.34262983620405,1531.1873751312824,56.00000381469727,0.0407100468873977,0.1710637956857681,cpis_landsat_2015_tile_000003,2015,1.0
False,-33.8999934371982,25.5826898903748,0.21875,0,0.333581805229187,27.34262983620405,1242.4491665115795,45.44000244140625,0.0301582664251327,0.1086354404687881,cpis_landsat_2015_tile_000003,2015,1.0
False,-33.45371037115033,26.04320213564424,0.25,0,0.5859225988388062,27.34262983620405,635.442711135151,23.239999771118164,0.0886895358562469,0.151057094335556,cpis_landsat_2015_tile_000004,2015,1.0
False,-33.44400856608184,27.22100129398713,0.1666666666666666,0,0.0852173119783401,27.34262983620405,1278.5414295510604,46.76000213623047,0.1268174946308136,0.2498271167278289,cpis_landsat_2015_tile_000004,2015,1.0
False,-33.813000571925144,25.616322761976576,0.25,0,0.2733457088470459,27.34262983620405,1459.0027447484651,53.36000061035156,0.0126601010560989,0.0915556773543357,cpis_landsat_2015_tile_000003,2015,1.0
False,-33.363806951197816,27.344861031679358,0.25,0,0.0887726843357086,27.34262983620405,1242.4491665115795,45.44000244140625,0.1705149710178375,0.2693665623664856,cpis_landsat_2015_tile_000004,2015,1.0
False,-34.01609165188214,21.711292286804948,0.2395833333333333,0,0.1274632513523101,27.34262983620405,1747.7409533681678,63.92000198364258,0.0154539346694946,0.1510190665721893,cpis_landsat_2015_tile_000002,2015,1.0
False,-34.063630536194495,24.615419872410605,0.2083333333333333,0,0.1690818965435028,27.34262983620405,1567.279533866908,57.31999969482422,0.0207300782203674,0.154181107878685,cpis_landsat_2015_tile_000003,2015,1.0
False,-34.26866196400627,21.84647078062844,0.2916666666666667,0,0.4358844757080078,27.34262983620405,1314.6336925905414,48.08000183105469,0.0097754299640655,0.1694702357053756,cpis_landsat_2015_tile_000002,2015,1.0
False,-33.41684349873115,25.4481581407894,0.21875,0,0.3408823907375335,27.34262983620405,1278.5414295510604,46.76000213623047,0.0130349695682525,0.1219019219279289,cpis_landsat_2015_tile_000003,2015,1.0
False,-34.19492835075707,18.447874566219056,0.2708333333333333,0,0.1196818277239799,27.34262983620405,1603.3719012102442,58.6400032043457,0.0712513327598571,0.2362831383943557,cpis_landsat_2015_tile_000000,2015,1.0
False,-33.75187918683474,24.707587020561267,0.1979166666666666,0,0.187773659825325,27.34262983620405,1350.7259556300223,49.400001525878906,0.0446235984563827,0.1128823906183242,cpis_landsat_2015_tile_000003,2015,1.0
False,-33.91195897046484,24.95627657118125,0.2083333333333333,1,0.2720538079738617,27.34262983620405,1386.8182186695033,50.720001220703125,0.0235922932624816,0.1557365804910659,cpis_landsat_2015_tile_000003,2015,1.0
False,-34.15903161936799,24.81915777884891,0.1354166666666666,0,0.1732042133808136,27.34262983620405,1928.202372869428,70.52000427246094,0.091068148612976,0.1939614564180374,cpis_landsat_2015_tile_000003,2015,1.0
False,-33.53067801811423,18.98664819365824,0.1979166666666666,0,0.7196794748306274,27.34262983620405,1892.1101098299469,69.20000457763672,0.0722553730010986,0.1352130770683288,cpis_landsat_2015_tile_000000,2015,1.0
False,-33.390325224964485,18.65258267948204,0.1875,0,0.6559529900550842,27.34262983620405,1819.9253751432743,66.55999755859375,0.0916007161140441,0.1679600775241851,cpis_landsat_2015_tile_000000,2015,1.0
False,-33.14260579070164,18.95689601776603,0.21875,0,0.6215855479240417,27.34262983620405,2144.755951106313,78.44000244140625,0.067858338356018,0.1862246543169021,cpis_landsat_2015_tile_000000,2015,1.0
False,-34.13930456309306,21.57740736370086,0.2291666666666666,0,0.4801048338413238,27.34262983620405,2144.755951106313,78.44000244140625,0.0720956325531005,0.1396913230419159,cpis_landsat_2015_tile_000002,2015,1.0
False,-34.09888044110226,20.68516479288358,0.2395833333333333,0,0.72376549243927,27.34262983620405,2108.6636880668325,77.12000274658203,0.0804185271263122,0.1947948485612869,cpis_landsat_2015_tile_000001,2015,1.0
False,-34.062336949026445,20.64053646325069,0.21875,0,0.6425929069519043,27.34262983620405,2000.3868989483897,73.16000366210938,0.0952642560005188,0.1956465989351272,cpis_landsat_2015_tile_000001,2015,1.0
False,-34.39704928968396,19.923573029212477,0.3020833333333333,0,0.6879419088363647,27.34262983620405,2072.571425027352,75.80000305175781,0.1049081683158874,0.1548352241516113,cpis_landsat_2015_tile_000001,2015,1.0
False,-34.1493298142995,21.818982332934382,0.2291666666666666,0,0.5878586173057556,27.34262983620405,2036.4791619878704,74.4800033569336,0.0918592810630798,0.1461091190576553,cpis_landsat_2015_tile_000002,2015,1.0
False,-33.06402116800199,19.01316643452762,0.21875,0,0.6124697327613831,27.34262983620405,2072.571425027352,75.80000305175781,0.0749498009681701,0.1715625971555709,cpis_landsat_2015_tile_000000,2015,1.0
False,-34.31037980475428,19.535824190367563,0.25,0,0.6918503046035767,27.34262983620405,1819.9253751432743,66.55999755859375,0.1277581453323364,0.1902413964271545,cpis_landsat_2015_tile_000001,2015,1.0
False,-33.66553308224842,18.66260793068848,0.1979166666666666,0,0.5315782427787781,27.34262983620405,2144.755951106313,78.44000244140625,0.0571969449520111,0.1863289028406143,cpis_landsat_2015_tile_000000,2015,1.0
False,-33.96887621370774,25.628288295243216,0.15625,0,0.1636146605014801,27.34262983620405,2000.3868989483897,73.16000366210938,0.0924552530050277,0.205567255616188,cpis_landsat_2015_tile_000003,2015,1.0
False,-34.2463478649844,20.73432057891277,0.2291666666666666,0,0.5537036061286926,27.34262983620405,2072.571425027352,75.80000305175781,0.0763425230979919,0.1694068610668182,cpis_landsat_2015_tile_000001,2015,1.0
False,-33.70983803153795,18.83821062874599,0.21875,0,0.5184219479560852,27.34262983620405,2036.4791619878704,74.4800033569336,0.0811903476715087,0.1823463141918182,cpis_landsat_2015_tile_000000,2015,1.0
False,-34.04584389356893,21.662136467878472,0.21875,0,0.4431794285774231,27.34262983620405,2072.571425027352,75.80000305175781,0.0746981501579284,0.1588224023580551,cpis_landsat_2015_tile_000002,2015,1.0
False,-34.168409978298534,19.95849948798229,0.2604166666666667,0,0.6692902445793152,27.34262983620405,1964.2946359089087,71.84000396728516,0.0933362245559692,0.1767698973417282,cpis_landsat_2015_tile_000001,2015,1.0
False,-33.32338276341244,18.71887834745006,0.2395833333333333,0,0.6868882179260254,27.34262983620405,2180.8482141457944,79.76000213623047,0.0520095229148864,0.1731290370225906,cpis_landsat_2015_tile_000000,2015,1.0
False,-33.140342037830514,18.64708501626106,0.25,0,0.7090762853622437,27.34262983620405,2072.571425027352,75.80000305175781,0.0723560750484466,0.2006443589925766,cpis_landsat_2015_tile_000000,2015,1.0
False,-33.778397427704114,18.569793890261927,0.2291666666666666,0,0.7054002285003662,27.34262983620405,2108.6636880668325,77.12000274658203,0.0590250790119171,0.2010970711708068,cpis_landsat_2015_tile_000000,2015,1.0
False,-33.192408394987815,18.929407570071973,0.21875,0,0.472580999135971,27.34262983620405,2144.755951106313,78.44000244140625,0.0618700683116912,0.1937071979045868,cpis_landsat_2015_tile_000000,2015,1.0
False,-34.37214788473684,20.12569396813937,0.2604166666666667,0,0.7134562134742737,27.34262983620405,2072.571425027352,75.80000305175781,0.0626391768455505,0.1627143323421478,cpis_landsat_2015_tile_000001,2015,1.0
False,-34.29000598779261,20.598495307953897,0.3020833333333333,1,0.6854545474052429,27.34262983620405,1567.279533866908,57.31999969482422,0.1467365622520446,0.1618523448705673,cpis_landsat_2015_tile_000001,2015,1.0
False,-34.22468052664927,19.35278346478564,0.2395833333333333,0,0.5901892781257629,27.34262983620405,2180.8482141457944,79.76000213623047,0.0798522233963012,0.1574242562055587,cpis_landsat_2015_tile_000001,2015,1.0
False,-33.033622180021034,19.00831553199337,0.1954022988505747,0,0.5431119799613953,27.34262983620405,2180.8482141457944,79.76000213623047,0.0587060153484344,0.2013999819755554,cpis_landsat_2015_tile_000000,2015,1.0
False,-33.17171121413143,18.669075800734134,0.21875,0,0.6791999936103821,27.34262983620405,1964.2946359089087,71.84000396728516,0.1041598618030548,0.1917840093374252,cpis_landsat_2015_tile_000000,2015,1.0
False,-33.50254277683615,18.74539658831944,0.2604166666666667,0,0.3936062753200531,27.34262983620405,2036.4791619878704,74.4800033569336,0.1463418900966644,0.1581032127141952,cpis_landsat_2015_tile_000000,2015,1.0
False,-33.75349615434615,22.57992727012418,0.21875,0,0.6511419415473938,27.34262983620405,1856.017846790466,67.8800048828125,0.1215057373046875,0.1763961762189865,cpis_landsat_2015_tile_000002,2015,1.0
False,-33.12869987668292,18.974035899704862,0.2291666666666666,0,0.7092741131782532,27.34262983620405,1675.556427289206,61.28000259399414,0.1026760041713714,0.1661030054092407,cpis_landsat_2015_tile_000000,2015,1.0
False,-34.10276113681182,21.9806790840759,0.15625,0,0.7129589915275574,27.34262983620405,2108.6636880668325,77.12000274658203,0.1301950812339782,0.1451438963413238,cpis_landsat_2015_tile_000002,2015,1.0
False,-34.06330715585113,21.62656318262734,0.15625,0,0.4482685923576355,27.34262983620405,2180.8482141457944,79.76000213623047,0.1318306028842926,0.1426780372858047,cpis_landsat_2015_tile_000002,2015,1.0
False,-34.087561668522355,19.456916179100237,0.25,0,0.6793822646141052,27.34262983620405,2036.4791619878704,74.4800033569336,0.1777571439743042,0.2008592784404754,cpis_landsat_2015_tile_000001,2015,1.0
False,-34.18684351319999,21.459368732283437,0.1971830985915492,0,0.1288507431745529,27.34262983620405,2144.755951106313,78.44000244140625,0.1687534004449844,0.1686735302209854,cpis_landsat_2015_tile_000002,2015,1.0
False,-33.81461753943656,22.61226662035248,0.125,0,0.6071266531944275,27.34262983620405,1964.2946359089087,71.84000396728516,0.1346378028392791,0.1869492530822754,cpis_landsat_2015_tile_000002,2015,1.0
False,-33.77516349268129,22.611619859665748,0.15625,0,0.1792782247066497,27.34262983620405,2072.571425027352,75.80000305175781,0.1508481502532959,0.1696216464042663,cpis_landsat_2015_tile_000002,2015,1.0
False,-33.40390775863983,19.176156838631755,0.15625,1,0.5546383857727051,27.34262983620405,2108.6636880668325,77.12000274658203,0.1070005595684051,0.154957041144371,cpis_landsat_2015_tile_000000,2015,1.0
False,-33.23865367568347,18.96950831171941,0.2083333333333333,0,0.6782062649726868,27.34262983620405,2000.3868989483897,73.16000366210938,0.1320719718933105,0.1641132086515426,cpis_landsat_2015_tile_000000,2015,1.0
False,-34.32881320806658,19.146404531150395,0.1666666666666666,0,0.592903733253479,27.34262983620405,2000.3868989483897,73.16000366210938,0.1241400241851806,0.1883148252964019,cpis_landsat_2015_tile_000000,2015,1.0
False,-33.80200517968861,22.636197686885765,0.2291666666666666,0,0.6180427074432373,27.34262983620405,1675.556427289206,61.28000259399414,0.1833793222904205,0.1680101752281189,cpis_landsat_2015_tile_000002,2015,1.0
False,-33.75770023039909,22.55534931131501,0.15625,0,0.6560335755348206,27.34262983620405,1819.9253751432743,66.55999755859375,0.1305079460144043,0.1732617914676666,cpis_landsat_2015_tile_000002,2015,1.0
False,-33.14389936964536,25.144168248643357,0.09375,0,0.3728548288345337,27.34262983620405,1347.4448692547574,49.28000259399414,0.1733088493347168,0.2473553717136383,cpis_landsat_2015_tile_000003,2015,1.0
False,-34.12669226913968,20.348512104371288,0.2604166666666667,0,0.6855847239494324,27.34262983620405,2144.755951106313,78.44000244140625,0.1259874701499939,0.1739787757396698,cpis_landsat_2015_tile_000001,2015,1.0
False,-33.09927106468544,18.85308665089752,0.1979166666666666,1,0.6254152059555054,27.34262983620405,2144.755951106313,78.44000244140625,0.099640816450119,0.18724025785923,cpis_landsat_2015_tile_000000,2015,1.0
False,-33.75220256717811,18.86149493459254,0.1875,0,0.6800482869148254,27.34262983620405,2144.755951106313,78.44000244140625,0.084227830171585,0.1575753390789032,cpis_landsat_2015_tile_000000,2015,1.0
False,-33.55331556327405,18.665518419573363,0.2083333333333333,1,0.7157521843910217,27.34262983620405,1964.2946359089087,71.84000396728516,0.1129373013973236,0.1579832285642624,cpis_landsat_2015_tile_000000,2015,1.0
False,-33.812677125787204,22.595773499100385,0.2604166666666667,0,0.5873136520385742,27.34262983620405,2144.755951106313,78.44000244140625,0.1197497844696044,0.1698437482118606,cpis_landsat_2015_tile_000002,2015,1.0
False,-34.15353395614701,19.98049027245537,0.2291666666666666,0,0.6784560680389404,27.34262983620405,2072.571425027352,75.80000305175781,0.120018869638443,0.226843312382698,cpis_landsat_2015_tile_000001,2015,1.0
False,-34.072685514781675,19.20138142653851,0.2291666666666666,0,0.676601231098175,27.34262983620405,1856.017846790466,67.8800048828125,0.1369166374206543,0.1804122477769851,cpis_landsat_2015_tile_000000,2015,1.0
False,-34.167439903063006,21.585168804465926,0.2083333333333333,0,0.6285614371299744,27.34262983620405,2072.571425027352,75.80000305175781,0.1009800434112548,0.1765316873788833,cpis_landsat_2015_tile_000002,2015,1.0
False,-34.062336949026445,21.16637435059856,0.2291666666666666,0,0.5450997352600098,27.34262983620405,2108.6636880668325,77.12000274658203,0.1061713397502899,0.1646156311035156,cpis_landsat_2015_tile_000001,2015,1.0
False,-34.04325671923283,20.386995878507307,0.28125,0,0.4537205994129181,27.34262983620405,2180.8482141457944,79.76000213623047,0.1270764172077179,0.1823177486658096,cpis_landsat_2015_tile_000001,2015,1.0
False,-33.54781786715578,18.893510838682896,0.1666666666666666,0,0.5842964053153992,27.34262983620405,2000.3868989483897,73.16000366210938,0.0958055257797241,0.1984810680150985,cpis_landsat_2015_tile_000000,2015,1.0
False,-33.32047224163026,19.37186367813061,0.25,0,0.4152372777462005,27.34262983620405,2108.6636880668325,77.12000274658203,0.1141853630542755,0.1663282662630081,cpis_landsat_2015_tile_000001,2015,1.0
False,-34.06718785156069,24.796843679827045,0.1666666666666666,0,0.260635495185852,27.34262983620405,2180.8482141457944,79.76000213623047,0.0824160575866699,0.1706980913877487,cpis_landsat_2015_tile_000003,2015,1.0
False,-33.702399954667605,26.575831256932485,0.1458333333333333,0,0.5039426684379578,27.34262983620405,1491.813921412681,54.560001373291016,0.1608049571514129,0.1247464939951896,cpis_landsat_2015_tile_000004,2015,1.0
False,-33.07825048292488,18.53745454003362,0.2291666666666666,0,0.5549204349517822,27.34262983620405,2108.6636880668325,77.12000274658203,0.0512171685695648,0.1510322540998459,cpis_landsat_2015_tile_000000,2015,1.0
False,-34.18749027388672,20.78347636494196,0.2604166666666667,0,0.7090339660644531,27.34262983620405,2072.571425027352,75.80000305175781,0.0423030853271484,0.1721796244382858,cpis_landsat_2015_tile_000001,2015,1.0
False,-33.165243344085766,18.509966092339564,0.21875,0,0.6624358296394348,27.34262983620405,1892.1101098299469,69.20000457763672,0.0661435723304748,0.1426118314266204,cpis_landsat_2015_tile_000000,2015,1.0
False,-34.33786825244833,20.345924930035192,0.28125,0,0.7290083169937134,27.34262983620405,1856.017846790466,67.8800048828125,0.0370983779430389,0.1733862906694412,cpis_landsat_2015_tile_000001,2015,1.0
False,-34.005419705783545,24.473773492092807,0.2083333333333333,0,0.3486999571323395,27.34262983620405,1856.017846790466,67.8800048828125,0.020940363407135,0.1320225745439529,cpis_landsat_2015_tile_000003,2015,1.0
False,-33.90387413290776,24.99184985643239,0.2604166666666667,1,0.7050551772117615,27.34262983620405,1350.7259556300223,49.400001525878906,0.1036426723003387,0.2052215635776519,cpis_landsat_2015_tile_000003,2015,1.0
False,-34.05457549181274,24.73539891439327,0.2291666666666666,1,0.4468511641025543,27.34262983620405,1783.833320711504,65.24000549316406,0.0207504034042358,0.1555192023515701,cpis_landsat_2015_tile_000003,2015,1.0
False,-33.78389515671967,24.815277083139343,0.1875,0,0.6182935237884521,27.34262983620405,1386.8182186695033,50.720001220703125,0.0397696197032928,0.1891712546348571,cpis_landsat_2015_tile_000003,2015,1.0
False,-33.596003479257575,26.04449572281228,0.2604166666666667,0,0.6440715193748474,27.34262983620405,537.0092332944308,19.63999938964844,0.1463267803192138,0.1640603095293045,cpis_landsat_2015_tile_000004,2015,1.0
False,-33.589859055349855,26.030266395552918,0.2291666666666666,0,0.5922423005104065,27.34262983620405,507.4792473093352,18.560001373291016,0.1187445521354675,0.1308912336826324,cpis_landsat_2015_tile_000004,2015,1.0
False,-33.24867886109533,27.53663340485102,0.2604166666666667,0,0.2057896852493286,27.34262983620405,592.7882231932123,21.68000030517578,0.1619611829519271,0.3101289272308349,cpis_landsat_2015_tile_000004,2015,1.0
False,-33.60247134930324,26.15380273645313,0.2291666666666666,0,0.089054487645626,27.34262983620405,563.2581850561891,20.600000381469727,0.1136813312768936,0.1471443623304367,cpis_landsat_2015_tile_000004,2015,1.0
False,-33.3262933180919,26.63759940270963,0.25,0,0.2188726067543029,27.34262983620405,559.9770465289964,20.479999542236328,0.1051322668790817,0.1578185558319091,cpis_landsat_2015_tile_000004,2015,1.0
False,-33.41878384658593,26.51147593681925,0.1979166666666666,0,0.2371550053358078,27.34262983620405,559.9770465289964,20.479999542236328,0.0724533647298812,0.1871343106031417,cpis_landsat_2015_tile_000004,2015,1.0
False,-33.67297115911877,26.57647801761922,0.2083333333333333,0,0.2110409885644912,27.34262983620405,582.9449119154897,21.32000160217285,0.0496924519538879,0.1491633206605911,cpis_landsat_2015_tile_000004,2015,1.0
False,-33.56528109654069,26.701954722822865,0.2604166666666667,0,0.2229727804660797,27.34262983620405,507.4792473093352,18.560001373291016,0.067097008228302,0.1175559908151626,cpis_landsat_2015_tile_000004,2015,1.0
False,-33.18626392173417,26.967137394694948,0.2604166666666667,0,0.1475898474454879,27.34262983620405,533.7281469191657,19.520000457763672,0.074595883488655,0.1801952719688415,cpis_landsat_2015_tile_000004,2015,1.0
False,-33.57562972809049,26.857830430400032,0.25,0,0.1927804946899414,27.34262983620405,517.3226107389854,18.920001983642575,0.0518452525138855,0.1562199592590332,cpis_landsat_2015_tile_000004,2015,1.0
False,-33.69657891110326,25.831055998969003,0.28125,0,0.1002054288983345,27.34262983620405,573.1015484858393,20.96000099182129,0.0648707300424575,0.1688340455293655,cpis_landsat_2015_tile_000004,2015,1.0
False,-33.40390775863983,26.449707791042105,0.28125,0,0.3368397057056427,27.34262983620405,537.0092332944308,19.63999938964844,0.0494399964809417,0.1689871847629547,cpis_landsat_2015_tile_000004,2015,1.0
False,-33.50707029902703,26.3640085129371,0.2604166666666667,0,0.1681868433952331,27.34262983620405,569.8204099586467,20.84000015258789,0.0253514051437377,0.1168822795152664,cpis_landsat_2015_tile_000004,2015,1.0
False,-33.70628071617175,25.798716644628534,0.25,0,0.1968205422163009,27.34262983620405,586.2259982907547,21.440000534057617,0.0173310041427612,0.1452282965183258,cpis_landsat_2015_tile_000004,2015,1.0
False,-33.66844363692789,26.568069799718774,0.2916666666666667,0,0.3387515544891357,27.34262983620405,537.0092332944308,19.63999938964844,0.0195616781711578,0.1344204396009445,cpis_landsat_2015_tile_000004,2015,1.0
False,-33.61152639368499,26.15380273645313,0.28125,0,0.1701975613832473,27.34262983620405,520.6036971142505,19.040000915527344,0.0243219286203384,0.1302869915962219,cpis_landsat_2015_tile_000004,2015,1.0
False,-33.64095518923383,26.56548269117726,0.3020833333333333,0,0.2830081880092621,27.34262983620405,556.6959601537313,20.36000061035156,0.0080770552158355,0.1668323874473571,cpis_landsat_2015_tile_000004,2015,1.0
False,-33.69625546496531,25.973349135861373,0.3125,0,0.0432731285691261,27.34262983620405,553.4148737784664,20.2400016784668,0.0391735807061195,0.2129099518060684,cpis_landsat_2015_tile_000004,2015,1.0
False,-33.70725085720185,25.98434452809791,0.3541666666666667,0,0.1435823738574981,27.34262983620405,592.7882231932123,21.68000030517578,0.0660551190376281,0.3149616122245788,cpis_landsat_2015_tile_000004,2015,1.0
False,-33.67491150697355,18.82656841002814,0.2291666666666666,0,0.6559692621231079,27.34262983620405,1783.833320711504,65.24000549316406,0.0876872539520263,0.1520672887563705,cpis_landsat_2015_tile_000000,2015,1.0
False,-33.07631012273362,18.63544279754321,0.28125,0,0.6859760880470276,27.34262983620405,2000.3868989483897,73.16000366210938,0.031106412410736,0.1778288930654525,cpis_landsat_2015_tile_000000,2015,1.0
False,-34.27027893151769,19.41390483342741,0.3020833333333333,0,0.7002958655357361,27.34262983620405,2072.571425027352,75.80000305175781,0.0174595117568969,0.1252802461385727,cpis_landsat_2015_tile_000001,2015,1.0
False,-33.610879632998255,26.649888382114213,0.3020833333333333,0,0.2424914538860321,27.34262983620405,563.2581850561891,20.600000381469727,0.0174147337675094,0.1359233558177948,cpis_landsat_2015_tile_000004,2015,1.0
False,-34.06201356868308,24.720846206790533,0.2395833333333333,0,0.284619927406311,27.34262983620405,2000.3868989483897,73.16000366210938,0.0484324693679809,0.1801730841398239,cpis_landsat_2015_tile_000003,2015,1.0
False,-34.33948521995975,20.075244594942127,0.2604166666666667,0,0.7318642139434814,27.34262983620405,1928.202372869428,70.52000427246094,0.0755256414413452,0.1542935371398925,cpis_landsat_2015_tile_000001,2015,1.0
False,-34.04972458927849,24.878338816084536,0.1979166666666666,1,0.3777734339237213,27.34262983620405,1819.9253751432743,66.55999755859375,0.0399922430515289,0.1565518230199813,cpis_landsat_2015_tile_000003,2015,1.0
False,-34.18878379526019,19.8272017392143,0.2708333333333333,0,0.6915485262870789,27.34262983620405,2072.571425027352,75.80000305175781,0.0570212602615356,0.1359834372997284,cpis_landsat_2015_tile_000001,2015,1.0
False,-34.14997657498623,21.844853813117027,0.2291666666666666,0,0.5441335439682007,27.34262983620405,2108.6636880668325,77.12000274658203,0.0439619123935699,0.1458951830863952,cpis_landsat_2015_tile_000002,2015,1.0
False,-33.88511728345752,25.01772133661503,0.21875,0,0.2223740369081497,27.34262983620405,2000.3868989483897,73.16000366210938,0.0763149857521057,0.1530641913414001,cpis_landsat_2015_tile_000003,2015,1.0
False,-34.08820842920909,24.59310570759416,0.2083333333333333,0,0.6333341002464294,27.34262983620405,2072.571425027352,75.80000305175781,0.0364411175251007,0.1577251702547073,cpis_landsat_2015_tile_000003,2015,1.0
False,-33.880589827061215,24.98408846501325,0.1666666666666666,0,0.1387781202793121,27.34262983620405,2108.6636880668325,77.12000274658203,0.0496751964092254,0.1757719814777374,cpis_landsat_2015_tile_000003,2015,1.0
False,-34.08562125487299,24.83920814967263,0.1666666666666666,0,0.4679332375526428,27.34262983620405,1491.813921412681,54.560001373291016,0.0970033705234527,0.136347621679306,cpis_landsat_2015_tile_000003,2015,1.0
False,-33.486049721378635,18.917442036805333,0.25,0,0.5434069633483887,27.34262983620405,2180.8482141457944,79.76000213623047,0.0389648377895355,0.1628690958023071,cpis_landsat_2015_tile_000000,2015,1.0
False,-33.33082080738549,19.14284728157877,0.2291666666666666,0,0.7337737083435059,27.34262983620405,2000.3868989483897,73.16000366210938,0.0416829586029052,0.170139729976654,cpis_landsat_2015_tile_000000,2015,1.0
False,-34.103731343636504,24.66651600629457,0.1770833333333333,0,0.1858060508966446,27.34262983620405,1928.202372869428,70.52000427246094,0.0606680661439895,0.1492245346307754,cpis_landsat_2015_tile_000003,2015,1.0
False,-34.04810762176708,24.67266049599687,0.1770833333333333,0,0.2068804502487182,27.34262983620405,1852.7366561113456,67.76000213623047,0.0700926482677459,0.166631281375885,cpis_landsat_2015_tile_000003,2015,1.0
False,-33.600207621105085,25.679384494921766,0.1770833333333333,0,0.197835087776184,27.34262983620405,1711.648690328687,62.60000228881836,0.0913750380277633,0.1128623038530349,cpis_landsat_2015_tile_000003,2015,1.0
False,-34.17229080559725,21.735223402684166,0.2708333333333333,0,0.6624730825424194,27.34262983620405,1603.3719012102442,58.6400032043457,0.109637826681137,0.173113152384758,cpis_landsat_2015_tile_000002,2015,1.0
False,-34.15127022794886,21.37334619205969,0.3125,0,0.5588812828063965,27.34262983620405,2072.571425027352,75.80000305175781,0.073117971420288,0.1801793128252029,cpis_landsat_2015_tile_000001,2015,1.0
False,-33.06272759728259,18.483771297608133,0.2604166666666667,0,0.6674649715423584,27.34262983620405,2072.571425027352,75.80000305175781,0.0219078958034515,0.15981425344944,cpis_landsat_2015_tile_000000,2015,1.0
False,-34.220152938663816,20.221418431656225,0.2916666666666667,0,0.7031411528587341,27.34262983620405,2144.755951106313,78.44000244140625,0.0188679695129394,0.1437619924545288,cpis_landsat_2015_tile_000001,2015,1.0
False,-34.07074516692689,24.707910400904638,0.25,0,0.6855183243751526,27.34262983620405,1459.0027447484651,53.36000061035156,0.0901524722576141,0.1464630961418151,cpis_landsat_2015_tile_000003,2015,1.0
False,-34.3601823514702,20.215920768435247,0.2916666666666667,0,0.6529022455215454,27.34262983620405,2144.755951106313,78.44000244140625,0.0327795147895813,0.1754997968673706,cpis_landsat_2015_tile_000001,2015,1.0
False,-34.14512567245198,21.335185732472468,0.2916666666666667,0,0.6402397155761719,27.34262983620405,2108.6636880668325,77.12000274658203,0.0307869315147399,0.1675921082496643,cpis_landsat_2015_tile_000001,2015,1.0
False,-33.4828157863558,18.94331351698797,0.2395833333333333,0,0.6501582860946655,27.34262983620405,1928.202372869428,70.52000427246094,0.0475787818431854,0.184220477938652,cpis_landsat_2015_tile_000000,2015,1.0
False,-34.243113929961574,19.50348484013926,0.2708333333333333,0,0.7356935739517212,27.34262983620405,2000.3868989483897,73.16000366210938,0.0442692637443542,0.1791744977235794,cpis_landsat_2015_tile_000001,2015,1.0
False,-34.315877467975255,20.658969866562995,0.3541666666666667,0,0.5968543887138367,27.34262983620405,2108.6636880668325,77.12000274658203,0.0726632475852966,0.1622016280889511,cpis_landsat_2015_tile_000001,2015,1.0
False,-33.79100978745207,19.508012345881493,0.3125,1,0.6701152324676514,27.34262983620405,2000.3868989483897,73.16000366210938,0.0566325187683105,0.118948794901371,cpis_landsat_2015_tile_000001,2015,1.0
False,-34.2140085147561,19.69105308791206,0.3020833333333333,0,0.6857059597969055,27.34262983620405,2000.3868989483897,73.16000366210938,0.0537070035934448,0.1254017353057861,cpis_landsat_2015_tile_000001,2015,1.0
False,-34.37117780950131,20.229503269213303,0.28125,0,0.7362123727798462,27.34262983620405,2036.4791619878704,74.4800033569336,0.036229133605957,0.155220627784729,cpis_landsat_2015_tile_000001,2015,1.0
False,-33.78518867809314,25.35340381830264,0.28125,0,0.115685798227787,27.34262983620405,2253.0327402247563,82.4000015258789,0.0561393052339553,0.1188634186983108,cpis_landsat_2015_tile_000003,2015,1.0
False,-33.580480630624734,18.954955604116677,0.1979166666666666,0,0.2581932246685028,27.34262983620405,2216.940477185275,81.08000183105469,0.0589527785778045,0.1808767020702362,cpis_landsat_2015_tile_000000,2015,1.0
False,-33.6690904634092,19.43524880786781,0.28125,0,0.0725337341427803,27.34262983620405,2253.0327402247563,82.4000015258789,0.0576193630695343,0.1309524178504943,cpis_landsat_2015_tile_000001,2015,1.0
False,-33.75252594752148,18.785820776104817,0.1875,0,0.2683232426643371,27.34262983620405,2289.125003264237,83.72000122070312,0.1281516551971435,0.1463436782360077,cpis_landsat_2015_tile_000000,2015,1.0
False,-34.18005219701638,21.843883606292348,0.25,0,0.1792538464069366,27.34262983620405,2289.125003264237,83.72000122070312,0.0424805879592895,0.1403844058513641,cpis_landsat_2015_tile_000002,2015,1.0
False,-33.60117782792976,18.92908412393403,0.1979166666666666,0,0.2872319519519806,27.34262983620405,2253.0327402247563,82.4000015258789,0.0883249044418335,0.1980283856391906,cpis_landsat_2015_tile_000000,2015,1.0
False,-33.37544913701838,18.87443067468386,0.25,0,0.1469288468360901,27.34262983620405,2216.940477185275,81.08000183105469,0.0815697014331817,0.1740147918462753,cpis_landsat_2015_tile_000000,2015,1.0
False,-34.21950617797708,19.41293465127569,0.2291666666666666,0,0.2469819635152816,27.34262983620405,2253.0327402247563,82.4000015258789,0.0744217038154602,0.2302753776311874,cpis_landsat_2015_tile_000001,2015,1.0
False,-34.111492735055634,21.69156527987596,0.2291666666666666,0,0.1825252473354339,27.34262983620405,2289.125003264237,83.72000122070312,0.0703950822353363,0.13998843729496,cpis_landsat_2015_tile_000002,2015,1.0
False,-34.43359265017062,20.64765109398309,0.1979166666666666,0,0.3704114258289337,27.34262983620405,2289.125003264237,83.72000122070312,0.1023134589195251,0.2028498500585556,cpis_landsat_2015_tile_000001,2015,1.0
False,-33.280694830980266,19.35246006799363,0.28125,0,0.1395546942949295,27.34262983620405,2253.0327402247563,82.4000015258789,0.0298943817615509,0.118499219417572,cpis_landsat_2015_tile_000001,2015,1.0
False,-33.82399589836711,23.87129138747034,0.2291666666666666,0,0.2774442434310913,27.34262983620405,2289.125003264237,83.72000122070312,0.02786485850811,0.1057391464710235,cpis_landsat_2015_tile_000003,2015,1.0
False,-34.090148777063874,20.957462095488054,0.28125,0,0.1454351842403412,27.34262983620405,2216.940477185275,81.08000183105469,0.0647469162940979,0.1826989203691482,cpis_landsat_2015_tile_000001,2015,1.0
False,-33.551051802178605,18.62865161294876,0.1979166666666666,1,0.3365610539913177,27.34262983620405,2253.0327402247563,82.4000015258789,0.0746096968650817,0.1652944236993789,cpis_landsat_2015_tile_000000,2015,1.0
False,-33.27972464060423,18.964657409185165,0.21875,0,0.3084176182746887,27.34262983620405,2216.940477185275,81.08000183105469,0.0502306818962097,0.1815612465143203,cpis_landsat_2015_tile_000000,2015,1.0
False,-34.091765744575284,21.158936273728216,0.2708333333333333,0,0.1753529012203216,27.34262983620405,2289.125003264237,83.72000122070312,0.139212965965271,0.1698048114776611,cpis_landsat_2015_tile_000001,2015,1.0
False,-34.091765744575284,19.35763436731989,0.2083333333333333,0,0.3467701077461242,27.34262983620405,2253.0327402247563,82.4000015258789,0.0940335094928741,0.2045121192932129,cpis_landsat_2015_tile_000001,2015,1.0
False,-34.127339029826416,21.60974671392916,0.2395833333333333,0,0.2948164641857147,27.34262983620405,2253.0327402247563,82.4000015258789,0.05946946144104,0.1408628076314926,cpis_landsat_2015_tile_000002,2015,1.0
False,-33.3596028422476,19.190386100096543,0.2083333333333333,0,0.3977517783641815,27.34262983620405,2289.125003264237,83.72000122070312,0.0548976063728332,0.1660110801458358,cpis_landsat_2015_tile_000000,2015,1.0
False,-33.8511609657178,18.81266246311214,0.2395833333333333,0,0.1671041697263717,27.34262983620405,2289.125003264237,83.72000122070312,0.052090048789978,0.1448355466127395,cpis_landsat_2015_tile_000000,2015,1.0
False,-33.048821675039555,18.681041334000778,0.21875,0,0.3560894727706909,27.34262983620405,2289.125003264237,83.72000122070312,0.0724688470363617,0.1414711773395538,cpis_landsat_2015_tile_000000,2015,1.0
False,-33.2629081883547,18.615068980581547,0.1666666666666666,0,0.3704506158828735,27.34262983620405,2289.125003264237,83.72000122070312,0.103457897901535,0.1242429018020629,cpis_landsat_2015_tile_000000,2015,1.0
False,-34.0076834339817,22.38621454909773,0.2083333333333333,0,0.1882922500371933,27.34262983620405,2216.940477185275,81.08000183105469,0.0634476840496063,0.1454059332609176,cpis_landsat_2015_tile_000002,2015,1.0
False,-33.4951047328631,27.127217178325047,0.1458333333333333,0,0.2694785594940185,27.34262983620405,2253.0327402247563,82.4000015258789,0.1231866329908371,0.3168160617351532,cpis_landsat_2015_tile_000004,2015,1.0
False,-33.767725481605524,22.709608117175332,0.2083333333333333,0,0.1972105950117111,27.34262983620405,2289.125003264237,83.72000122070312,0.055715411901474,0.1470608562231063,cpis_landsat_2015_tile_000002,2015,1.0
False,-33.145192940364765,18.465984654982567,0.25,0,0.3047832548618316,27.34262983620405,2216.940477185275,81.08000183105469,0.0241521596908569,0.1974096298217773,cpis_landsat_2015_tile_000000,2015,1.0
False,-33.34860745001106,27.35909029314415,0.1354166666666666,0,0.1003170311450958,27.34262983620405,2289.125003264237,83.72000122070312,0.1225137263536453,0.2901223599910736,cpis_landsat_2015_tile_000004,2015,1.0
False,-33.23994724640288,27.54310127489668,0.1666666666666666,0,0.0939838886260986,27.34262983620405,2289.125003264237,83.72000122070312,0.1504871249198913,0.4198079109191894,cpis_landsat_2015_tile_000004,2015,1.0
False,-33.34084602569464,27.38884260062551,0.1458333333333333,0,0.1283092051744461,27.34262983620405,2216.940477185275,81.08000183105469,0.1500563472509384,0.387940764427185,cpis_landsat_2015_tile_000004,2015,1.0
False,-34.35791862327205,21.490091118084443,0.1770833333333333,0,0.1357540786266327,27.34262983620405,2289.125003264237,83.72000122070312,0.1650060713291168,0.4119466245174408,cpis_landsat_2015_tile_000002,2015,1.0
False,-33.32726349201929,27.41406718853226,0.1770833333333333,0,0.1064874455332756,27.34262983620405,2289.125003264237,83.72000122070312,0.2157776206731796,0.4165368974208832,cpis_landsat_2015_tile_000004,2015,1.0
False,-33.96499551799817,25.60953157738212,0.15625,0,0.143982321023941,27.34262983620405,2253.0327402247563,82.4000015258789,0.066791757941246,0.1727832555770874,cpis_landsat_2015_tile_000003,2015,1.0
False,-34.03355491416434,23.01392132387017,0.15625,0,0.1270966678857803,27.34262983620405,2253.0327402247563,82.4000015258789,0.1073507666587829,0.1930955499410629,cpis_landsat_2015_tile_000002,2015,1.0
False,-33.753172774002785,25.752794793622183,0.15625,0,0.1438639014959335,27.34262983620405,2216.940477185275,81.08000183105469,0.1441363990306854,0.3073794245719909,cpis_landsat_2015_tile_000003,2015,1.0
False,-34.042609958546095,22.84413973517158,0.21875,0,0.1019430384039878,27.34262983620405,2253.0327402247563,82.4000015258789,0.0651890933513641,0.3418985307216644,cpis_landsat_2015_tile_000002,2015,1.0
False,-34.04325671923283,22.29081346592424,0.1875,0,0.0942940711975097,27.34262983620405,2216.940477185275,81.08000183105469,0.1229259669780731,0.2639183700084686,cpis_landsat_2015_tile_000002,2015,1.0
False,-34.131219725535985,21.957394745332063,0.1666666666666666,0,0.136444553732872,27.34262983620405,2289.125003264237,83.72000122070312,0.1168308407068252,0.1378596425056457,cpis_landsat_2015_tile_000002,2015,1.0
False,-33.98181195379906,25.64284100284595,0.1770833333333333,0,0.1952654123306274,27.34262983620405,2253.0327402247563,82.4000015258789,0.0697573721408844,0.212282583117485,cpis_landsat_2015_tile_000003,2015,1.0
False,-33.67103081126398,22.162749652179077,0.1875,0,0.1560029238462448,27.34262983620405,2253.0327402247563,82.4000015258789,0.0635853707790374,0.1436529606580734,cpis_landsat_2015_tile_000002,2015,1.0
False,-33.230568838126395,27.56282833117161,0.2083333333333333,0,0.1415394246578216,27.34262983620405,2253.0327402247563,82.4000015258789,0.1863466650247573,0.398793488740921,cpis_landsat_2015_tile_000004,2015,1.0
False,-34.06330715585113,24.50449587480969,0.1875,0,0.1337139010429382,27.34262983620405,2253.0327402247563,82.4000015258789,0.0967074632644653,0.1339940428733825,cpis_landsat_2015_tile_000003,2015,1.0
False,-33.82367251802374,18.65775702815423,0.1770833333333333,0,0.19295734167099,27.34262983620405,2253.0327402247563,82.4000015258789,0.1154809445142746,0.2064718455076217,cpis_landsat_2015_tile_000000,2015,1.0
False,-33.527120669850746,22.56925525823101,0.1875,0,0.1757126301527023,27.34262983620405,2253.0327402247563,82.4000015258789,0.0654215067625045,0.1226717233657836,cpis_landsat_2015_tile_000002,2015,1.0
False,-34.44458810820173,20.727852708867108,0.1979166666666666,0,0.1692003756761551,27.34262983620405,2253.0327402247563,82.4000015258789,0.1417267322540283,0.2612369358539581,cpis_landsat_2015_tile_000001,2015,1.0
False,-33.02877127645875,18.03781164480092,0.2112676056338028,0,0.1317138820886612,27.34262983620405,2289.125003264237,83.72000122070312,0.1689574718475341,0.2066686749458313,cpis_landsat_2015_tile_000000,2015,1.0
False,-33.61281998085304,21.886571555173163,0.21875,0,0.1598775684833526,27.34262983620405,2289.125003264237,83.72000122070312,0.0610788613557815,0.1300735026597976,cpis_landsat_2015_tile_000002,2015,1.0
False,-34.08562125487299,21.37819709459394,0.25,0,0.1173594370484352,27.34262983620405,2289.125003264237,83.72000122070312,0.1036862134933471,0.1707452684640884,cpis_landsat_2015_tile_000001,2015,1.0
False,-33.86797746731326,19.37800815138426,0.2708333333333333,0,0.2353651821613311,27.34262983620405,2216.940477185275,81.08000183105469,0.0418495237827301,0.1327664703130722,cpis_landsat_2015_tile_000001,2015,1.0
False,-34.41257207252222,19.901905625082765,0.25,0,0.523938000202179,27.34262983620405,2253.0327402247563,82.4000015258789,0.0612003803253173,0.1543886661529541,cpis_landsat_2015_tile_000001,2015,1.0
False,-33.86215635795433,25.518657950604933,0.2916666666666667,0,0.2576634883880615,27.34262983620405,2289.125003264237,83.72000122070312,0.0251618176698684,0.1471249163150787,cpis_landsat_2015_tile_000003,2015,1.0
False,-33.53423533348043,18.839504150119463,0.2083333333333333,0,0.662411093711853,27.34262983620405,2253.0327402247563,82.4000015258789,0.0492231249809265,0.1965771615505218,cpis_landsat_2015_tile_000000,2015,1.0
False,-34.03064435948488,25.69943486574548,0.2916666666666667,0,0.557258129119873,27.34262983620405,2289.125003264237,83.72000122070312,0.0167616009712219,0.2919850647449493,cpis_landsat_2015_tile_000003,2015,1.0
False,-33.136137920655976,18.831419312562385,0.1875,0,0.6874732971191406,27.34262983620405,2253.0327402247563,82.4000015258789,0.0837182402610778,0.1608790159225464,cpis_landsat_2015_tile_000000,2015,1.0
False,-33.04914506771941,18.524842246080247,0.21875,0,0.6902871131896973,27.34262983620405,2289.125003264237,83.72000122070312,0.0445476770401001,0.1647843122482299,cpis_landsat_2015_tile_000000,2015,1.0
False,-33.06563813962557,18.51578720169849,0.2395833333333333,0,0.6153526306152344,27.34262983620405,2216.940477185275,81.08000183105469,0.0790663063526153,0.1668304502964019,cpis_landsat_2015_tile_000000,2015,1.0
False,-34.076889656629184,20.875643513092623,0.2916666666666667,0,0.5452393889427185,27.34262983620405,2216.940477185275,81.08000183105469,0.0341438949108123,0.1687622815370559,cpis_landsat_2015_tile_000001,2015,1.0
False,-34.128632682789046,21.016966447272477,0.28125,0,0.6084286570549011,27.34262983620405,2253.0327402247563,82.4000015258789,0.0164651274681091,0.1895896047353744,cpis_landsat_2015_tile_000001,2015,1.0
False,-34.03517188167576,21.494942020618687,0.2708333333333333,0,0.6149890422821045,27.34262983620405,2216.940477185275,81.08000183105469,0.014940857887268,0.1373743861913681,cpis_landsat_2015_tile_000002,2015,1.0
False,-34.14868305361276,21.399540986791127,0.2708333333333333,0,0.6204015612602234,27.34262983620405,2216.940477185275,81.08000183105469,0.0398575663566589,0.1629957854747772,cpis_landsat_2015_tile_000001,2015,1.0
False,-34.16485272872691,20.627277277021427,0.2708333333333333,0,0.6936894059181213,27.34262983620405,2289.125003264237,83.72000122070312,0.0368006229400634,0.155116468667984,cpis_landsat_2015_tile_000001,2015,1.0
False,-34.16161879370408,20.95649188866338,0.2708333333333333,0,0.7072516083717346,27.34262983620405,2289.125003264237,83.72000122070312,0.0525664091110229,0.183806300163269,cpis_landsat_2015_tile_000001,2015,1.0
False,-34.212068101106745,20.715563729462524,0.3020833333333333,0,0.6286209225654602,27.34262983620405,2289.125003264237,83.72000122070312,0.0878648459911346,0.1828109174966812,cpis_landsat_2015_tile_000001,2015,1.0
False,-33.132580597065456,18.733107608914853,0.2604166666666667,0,0.6998450756072998,27.34262983620405,2216.940477185275,81.08000183105469,0.0349693298339843,0.1365010440349578,cpis_landsat_2015_tile_000000,2015,1.0
False,-34.07009840624016,20.81969641087983,0.3333333333333333,0,0.6004771590232849,27.34262983620405,2253.0327402247563,82.4000015258789,0.0004644095897674,0.1853681355714798,cpis_landsat_2015_tile_000001,2015,1.0
False,-34.128632682789046,21.137592249941875,0.3229166666666667,0,0.6253064870834351,27.34262983620405,2289.125003264237,83.72000122070312,0.053470492362976,0.1905629783868789,cpis_landsat_2015_tile_000001,2015,1.0
False,-33.07825048292488,18.47309928571496,0.2916666666666667,0,0.65776526927948,27.34262983620405,2216.940477185275,81.08000183105469,0.0270454287528991,0.1542037725448608,cpis_landsat_2015_tile_000000,2015,1.0
False,-34.31037980475428,20.08268260601789,0.2916666666666667,0,0.6748539805412292,27.34262983620405,2216.940477185275,81.08000183105469,0.0396695733070373,0.1478122323751449,cpis_landsat_2015_tile_000001,2015,1.0
False,-33.18626392173417,18.97888680223911,0.25,0,0.7483531832695007,27.34262983620405,2253.0327402247563,82.4000015258789,0.1465277075767517,0.1777156740427017,cpis_landsat_2015_tile_000000,2015,1.0
False,-34.35209751391312,19.536147587159576,0.34375,0,0.5529520511627197,27.34262983620405,2253.0327402247563,82.4000015258789,0.125825434923172,0.1707583963871002,cpis_landsat_2015_tile_000001,2015,1.0
False,-34.111492735055634,20.707155445767505,0.3645833333333333,0,0.6589539051055908,27.34262983620405,2253.0327402247563,82.4000015258789,0.1290652155876159,0.2001125514507293,cpis_landsat_2015_tile_000001,2015,1.0
False,-33.72083342377449,26.21395391471886,0.1145833333333333,0,0.0456753447651863,27.34262983620405,2253.0327402247563,82.4000015258789,0.2684716880321502,0.4494994282722473,cpis_landsat_2015_tile_000004,2015,1.0
False,-34.34207239429584,19.8585709484125,0.3020833333333333,0,0.4043811857700348,27.34262983620405,2253.0327402247563,82.4000015258789,0.0258742570877075,0.1282174289226532,cpis_landsat_2015_tile_000001,2015,1.0
False,-34.12248812729217,21.27891518412173,0.3020833333333333,0,0.20330610871315,27.34262983620405,2216.940477185275,81.08000183105469,0.0127085149288177,0.1758395731449127,cpis_landsat_2015_tile_000001,2015,1.0
False,-34.11052259402553,19.347932558139235,0.1979166666666666,0,0.6023205518722534,27.34262983620405,2289.125003264237,83.72000122070312,0.1610069274902343,0.1900580078363418,cpis_landsat_2015_tile_000001,2015,1.0
False,-33.600207621105085,18.8679628046382,0.2083333333333333,0,0.5941998958587646,27.34262983620405,2216.940477185275,81.08000183105469,0.038249671459198,0.2167875319719314,cpis_landsat_2015_tile_000000,2015,1.0
False,-33.26808247123231,18.796492787997988,0.21875,0,0.4036487340927124,27.34262983620405,2289.125003264237,83.72000122070312,0.0838468968868255,0.149196982383728,cpis_landsat_2015_tile_000000,2015,1.0
False,-34.29259316212871,20.42256916375844,0.2291666666666666,0,0.3781259655952453,27.34262983620405,2289.125003264237,83.72000122070312,0.1132403016090393,0.1737680435180664,cpis_landsat_2015_tile_000001,2015,1.0
False,-33.789069439597284,18.668752354596197,0.2083333333333333,0,0.4312016367912292,27.34262983620405,2253.0327402247563,82.4000015258789,0.0842245817184448,0.1859710365533828,cpis_landsat_2015_tile_000000,2015,1.0
False,-34.06266032936981,20.303237014051664,0.25,0,0.3540979027748108,27.34262983620405,2253.0327402247563,82.4000015258789,0.0748164653778076,0.1865942031145095,cpis_landsat_2015_tile_000001,2015,1.0
False,-34.15288719546027,19.84337141432845,0.2916666666666667,0,0.301810622215271,27.34262983620405,2253.0327402247563,82.4000015258789,0.024925410747528,0.1680183112621307,cpis_landsat_2015_tile_000001,2015,1.0
False,-33.71048479222468,18.860848173905804,0.2395833333333333,0,0.3865834176540375,27.34262983620405,2216.940477185275,81.08000183105469,0.0291185677051544,0.1445631682872772,cpis_landsat_2015_tile_000000,2015,1.0
False,-34.198162285779894,19.41552180093882,0.2291666666666666,0,0.3939931988716125,27.34262983620405,2253.0327402247563,82.4000015258789,0.1616954803466797,0.2189363688230514,cpis_landsat_2015_tile_000001,2015,1.0
False,-34.12442854094154,20.31908330882245,0.2604166666666667,0,0.3422373235225677,27.34262983620405,2289.125003264237,83.72000122070312,0.1197787821292877,0.1523831039667129,cpis_landsat_2015_tile_000001,2015,1.0
False,-33.06014044761946,18.46016354562364,0.2708333333333333,0,0.3625214397907257,27.34262983620405,2216.940477185275,81.08000183105469,0.0321995019912719,0.1793213784694671,cpis_landsat_2015_tile_000000,2015,1.0
False,-34.3601823514702,20.415131218477253,0.25,0,0.3874959051609039,27.34262983620405,2216.940477185275,81.08000183105469,0.0559239983558654,0.1559225916862487,cpis_landsat_2015_tile_000001,2015,1.0
False,-33.165890121221146,18.64934874445921,0.1979166666666666,0,0.496120274066925,27.34262983620405,2216.940477185275,81.08000183105469,0.0999665260314941,0.1768061369657516,cpis_landsat_2015_tile_000000,2015,1.0
False,-33.03232860518947,18.803284104181596,0.2345679012345679,0,0.4403277933597564,27.34262983620405,2216.940477185275,81.08000183105469,0.0433051586151123,0.1607003808021545,cpis_landsat_2015_tile_000000,2015,1.0
False,-34.36859063516522,20.744669144667995,0.2291666666666666,0,0.4865616858005523,27.34262983620405,2289.125003264237,83.72000122070312,0.0764229297637939,0.1769997477531433,cpis_landsat_2015_tile_000001,2015,1.0
False,-33.20405056435973,18.4132714877926,0.1770833333333333,0,0.6016278862953186,27.34262983620405,2289.125003264237,83.72000122070312,0.086810678243637,0.1569848656654358,cpis_landsat_2015_tile_000000,2015,1.0
False,-33.79618407032969,18.80587127851769,0.21875,0,0.5089473128318787,27.34262983620405,2289.125003264237,83.72000122070312,0.0706270337104797,0.1293977051973343,cpis_landsat_2015_tile_000000,2015,1.0
False,-34.23826302742733,19.537117761086968,0.21875,0,0.4996408820152282,27.34262983620405,2216.940477185275,81.08000183105469,0.0745684504508972,0.1886222213506698,cpis_landsat_2015_tile_000001,2015,1.0
False,-34.13089641098719,21.81348463681612,0.2395833333333333,0,0.4926515221595764,27.34262983620405,2289.125003264237,83.72000122070312,0.0858834385871887,0.1849884092807769,cpis_landsat_2015_tile_000002,2015,1.0
False,-33.124172362716365,18.456282849914075,0.2291666666666666,0,0.5255202054977417,27.34262983620405,2289.125003264237,83.72000122070312,0.0507162511348724,0.1672722101211547,cpis_landsat_2015_tile_000000,2015,1.0
False,-34.07721303697255,21.57837754585257,0.2291666666666666,0,0.5155375599861145,27.34262983620405,2289.125003264237,83.72000122070312,0.0310635268688201,0.115858718752861,cpis_landsat_2015_tile_000002,2015,1.0
False,-33.45920803437131,18.974359214253653,0.2395833333333333,0,0.5232202410697937,27.34262983620405,2253.0327402247563,82.4000015258789,0.040253460407257,0.1887438595294952,cpis_landsat_2015_tile_000000,2015,1.0
False,-34.15903161936799,20.506651474352022,0.1979166666666666,0,0.5740999579429626,27.34262983620405,2253.0327402247563,82.4000015258789,0.1399863064289093,0.1733263581991195,cpis_landsat_2015_tile_000001,2015,1.0
False,-33.70175319398087,25.89573470353777,0.1041666666666666,0,0.0592873431742191,27.34262983620405,2253.0327402247563,82.4000015258789,0.1826891005039215,0.3342158496379852,cpis_landsat_2015_tile_000004,2015,1.0
